,card,reports,age,income,share,expenditure,owner,selfemp,dependents,months,majorcards,active
0,yes,0,37.66667,4.52,0.03326991,124.9833,yes,no,3,54,1,12
1,yes,0,33.25,2.42,0.005216942,9.854167,no,no,3,34,1,13
2,yes,0,33.66667,4.5,0.004155556,15.0,yes,no,4,58,1,5
3,yes,0,30.5,2.54,0.06521378,137.8692,no,no,0,25,1,7
4,yes,0,32.16667,9.7867,0.06705059,546.5033,yes,no,2,64,1,5
5,yes,0,23.25,2.5,0.0444384,91.99667,no,no,0,54,1,1
6,yes,0,27.91667,3.96,0.01257576,40.83333,no,no,2,7,1,5
7,yes,0,29.16667,2.37,0.07643376,150.79,yes,no,0,77,1,3
8,yes,0,37.0,3.8,0.2456279,777.8217,yes,no,0,97,1,6
9,yes,0,28.41667,3.2,0.01978,52.58,no,no,0,65,1,18
10,yes,0,30.5,3.95,0.07802456,256.6642,yes,no,1,24,1,20
11,no,0,42.0,1.98,0.000606061,0.0,yes,no,2,36,1,0
12,no,0,30.0,1.73,0.000693642,0.0,yes,no,1,42,0,12
13,yes,0,28.83333,2.45,0.03879551,78.87416999999999,yes,no,0,26,1,3
14,yes,0,35.33333,1.908,0.02690671,42.615,yes,no,2,120,0,5
15,yes,0,41.16667,3.2,0.1258194,335.435,yes,no,1,168,1,22
16,yes,0,40.08333,4.0,0.07481575,248.7192,yes,no,2,96,1,0
17,no,7,29.5,3.0,0.0004,0.0,yes,no,2,60,1,8
18,yes,0,39.5,9.9999,0.06579486,548.035,yes,yes,0,28,1,0
19,no,3,45.75,3.4,0.000352941,0.0,no,no,0,28,1,10
20,yes,0,35.25,2.35,0.02238596,43.33917,yes,no,2,115,1,1
21,no,1,25.16667,1.875,0.00064,0.0,no,no,2,7,0,2
22,yes,0,34.25,2.0,0.1311119999999999,218.52,yes,no,0,12,1,0
23,yes,1,35.75,4.0,0.05119225,170.6408,no,no,2,18,1,22
24,yes,0,42.66667,5.14,0.008949417,37.58333,yes,no,2,13,1,17
25,yes,0,30.25,4.506,0.1337421,502.2017,no,no,2,38,1,7
26,no,0,21.66667,3.84,0.0003125,0.0,no,yes,1,12,0,1
27,yes,0,22.25,1.5,0.058608,73.17667,no,no,0,64,1,6
28,no,0,34.25,2.5,0.00048,0.0,yes,no,1,12,1,0
29,yes,0,40.0,5.5,0.3344595999999999,1532.773,yes,no,4,74,1,19
30,yes,0,21.83333,2.0272,0.02532014,42.69083,no,no,0,9,0,5
31,yes,1,29.41667,3.2,0.1567194,417.835,no,no,0,14,1,6
32,no,1,24.91667,3.15,0.000380952,0.0,yes,no,1,40,1,5
33,yes,0,21.0,2.4663,0.2689327999999999,552.7242,yes,no,1,12,1,10
34,yes,0,23.83333,3.0,0.08901566,222.5392,no,no,0,12,1,5
35,yes,0,42.83333,3.5412,0.1834562,541.2958,yes,no,6,108,1,15
36,no,0,42.58333,2.2845,0.000525279,0.0,no,no,2,46,1,0
37,yes,0,36.58333,5.7,0.1197418999999999,568.7742,yes,no,1,36,1,16
38,yes,0,26.75,3.5,0.1181043,344.4708,no,no,0,2,1,14
39,yes,0,27.75,4.6,0.1057438999999999,405.3517,yes,no,4,28,1,13
40,yes,0,26.25,3.0,0.124375,310.9375,yes,no,0,7,1,10
41,yes,0,23.33333,2.585,0.02505764,53.645,no,no,0,8,1,1
42,yes,0,29.91667,1.51,0.05125828,63.91667,no,no,1,7,0,1
43,yes,0,30.0,1.85,0.1075816,165.855,no,no,0,60,1,12
44,yes,0,38.33333,2.6,0.004807692,9.583333,no,no,0,12,1,1
45,no,0,28.16667,1.8,0.000666667,0.0,no,yes,2,26,1,2
46,yes,0,35.58333,2.0,0.192044,319.49,no,no,0,156,1,4
47,no,0,37.75,3.2628,0.000367782,0.0,no,no,1,98,0,1
48,yes,0,26.08333,2.35,0.04285106,83.08334,no,no,1,30,0,2
49,yes,0,27.75,7.0,0.1105849,644.8283,yes,no,0,0,1,13
50,no,0,49.75,3.6,0.000333333,0.0,no,no,2,12,0,0
51,yes,0,24.25,2.0,0.0559685,93.1975,no,no,0,18,1,12
52,yes,0,20.66667,1.7,0.07420824,105.045,no,no,0,6,1,4
53,yes,0,23.75,2.8,0.014875,34.125,no,no,2,48,1,8
54,yes,0,25.75,2.4,0.02071958,41.18917,no,no,0,34,1,2
55,yes,1,32.91667,3.0,0.068022,169.8883,no,no,0,216,0,5
56,yes,0,34.33333,4.8,0.4745082999999999,1898.033,no,no,3,12,1,1
57,yes,0,33.25,3.18,0.3058082,810.3917,no,no,4,18,0,3
58,no,0,44.66667,1.8,0.000666667,0.0,no,no,2,33,0,0
59,yes,0,21.16667,1.5,0.02655333,32.775,no,no,0,20,1,4
60,yes,2,25.08333,3.0,0.0384529999999999,95.79916,no,no,0,8,0,4
61,yes,0,27.16667,2.28,0.01492807,27.78,no,no,3,36,1,5
62,yes,0,26.41667,2.8,0.0921725,215.0692,no,no,1,12,1,16
63,yes,0,22.0,2.7,0.03544926,79.51083,no,no,0,3,1,0
64,no,3,27.33333,4.9,0.000244898,0.0,yes,no,2,16,1,15
65,no,0,26.16667,2.5,0.00048,0.0,no,yes,0,18,0,0
66,yes,0,40.75,6.0,0.06123966,306.0317,no,yes,2,182,1,16
67,yes,0,42.08333,3.9,0.03221615,104.5358,no,no,0,78,1,2
68,no,0,21.66667,3.3569133333333303,0.000235294,0.0,no,no,0,25,1,0
69,yes,0,24.66667,3.3569133333333303,0.2508032,642.4742,no,no,0,4,1,0
70,yes,0,30.75,3.3569133333333303,0.1503596,308.0492,yes,no,2,53,1,16
71,yes,0,27.41667,3.3569133333333303,0.111812,186.3533,no,no,0,9,1,5
72,yes,0,33.0,3.3569133333333303,0.02089871,56.14917,no,no,2,144,0,2
73,yes,0,37.33333,3.3569133333333303,0.05719193,129.3733,no,no,2,13,1,14
74,yes,0,26.58333,3.3569133333333303,0.05078546,93.10667,no,no,0,144,1,10
75,no,1,24.33333,3.3569133333333303,0.000292683,0.0,no,no,1,5,0,4
76,yes,0,24.25,3.3569133333333303,0.09367893,292.6633,no,no,0,18,1,11
77,yes,0,25.25,3.3569133333333303,0.04106146,98.46416,no,no,0,7,1,0
78,yes,0,0.5,3.3569133333333303,0.1017243,258.5492,no,no,1,94,1,5
79,yes,0,32.83333,3.3569133333333303,0.04792941,101.6833,no,no,2,6,1,18
80,no,0,32.75,3.3569133333333303,0.0003,0.0,no,no,2,25,1,0
81,yes,1,54.58333,3.3569133333333303,0.02984697,65.24667,yes,no,1,78,1,19
82,yes,0,19.58333,3.3569133333333303,0.07904787,108.6075,no,no,0,37,1,8
83,yes,0,29.33333,3.3569133333333303,0.02494458,49.55583,no,no,0,30,1,4
84,no,3,40.16667,3.3569133333333303,0.000323459,0.0,no,no,2,15,1,11
85,yes,0,40.75,3.3569133333333303,0.03904502,235.5717,yes,no,2,177,1,13
86,no,0,41.25,3.3569133333333303,0.000273598,0.0,yes,no,3,172,1,9
87,no,0,34.5,3.3569133333333303,0.000363636,0.0,yes,no,2,33,0,18
88,no,0,23.66667,3.3569133333333303,0.000520833,0.0,no,no,1,12,1,0
89,no,1,53.66667,3.3569133333333303,0.000287081,0.0,no,no,1,288,1,2
90,no,2,34.0,3.3569133333333303,0.000482412,0.0,no,no,1,87,1,3
91,no,0,44.91667,3.3569133333333303,0.000427731,0.0,yes,no,5,4,1,0
92,yes,0,43.41667,3.3569133333333303,0.03435875,68.38417,no,no,0,12,1,0
93,no,4,35.16667,3.3569133333333303,0.0008,0.0,no,no,1,7,1,9
94,no,2,35.83333,3.3569133333333303,0.000142857,0.0,no,no,2,69,1,12
95,yes,0,21.66667,3.3569133333333303,0.000769231,0.0,no,no,0,12,1,2
96,yes,1,32.66667,3.3569133333333303,0.09483,474.15,yes,no,0,48,1,6
97,yes,1,25.41667,3.3569133333333303,0.07804389,234.0483,no,no,2,12,1,4
98,yes,0,26.25,3.3569133333333303,0.1082892,451.205,yes,no,0,5,1,16
99,yes,0,46.0,3.3569133333333303,0.05487727,251.5208,yes,no,2,161,1,7
100,yes,1,35.0,3.3569133333333303,0.1101058999999999,917.54,yes,no,0,72,1,29
101,no,0,35.0,3.3569133333333303,0.000263736,0.0,yes,no,3,36,1,15
102,no,0,20.91667,3.3569133333333303,0.000413793,0.0,no,no,0,36,1,3
103,yes,0,25.16667,3.3569133333333303,0.09848222,147.7233,no,no,0,1,0,9
104,yes,0,31.25,3.3569133333333303,0.04768381,166.7267,yes,no,0,53,1,0
105,yes,0,23.16667,3.92,0.2269911,741.5042,no,no,0,16,1,0
106,yes,0,23.0,3.625,0.03514566,106.1692,no,no,1,51,0,6
107,yes,0,24.83333,2.48,0.1313552,271.4675,no,no,0,18,1,0
108,yes,0,40.91667,9.9999,0.07620686,635.0508,yes,no,3,120,1,17
109,yes,0,43.66667,10.0393,0.02186308,182.825,yes,no,1,12,1,18
110,yes,0,23.08333,2.95,0.03642203,89.37083,yes,no,0,12,1,17
111,yes,0,41.91667,5.0,0.24272,1011.333,no,no,1,36,1,5
112,yes,0,28.16667,2.4,0.1137675,227.3683,no,no,0,1,1,29
113,yes,0,45.58333,13.5,0.01031111,115.4167,yes,no,2,126,1,9
114,no,3,25.91667,4.0,0.0003,0.0,no,no,0,36,0,5
115,yes,1,37.33333,3.9,0.0916836,297.9717,no,no,0,51,1,4
116,yes,1,37.66667,2.0,0.0608075,101.2625,yes,no,3,42,1,3
117,yes,0,30.25,2.15,0.03192233,56.69416999999999,no,no,0,12,1,4
118,yes,0,21.25,3.0,0.030976,77.35667,no,no,2,18,0,2
119,yes,0,40.08333,4.3,0.03419023,122.515,no,no,0,108,1,4
120,no,4,23.41667,9.9999,0.000120001,0.0,no,no,2,27,1,5
121,yes,0,21.83333,2.5,0.0067932,13.4025,no,no,0,32,1,3
122,yes,0,22.16667,3.0,0.05111367,127.5342,no,no,0,120,1,11
123,yes,0,40.83333,2.6,0.004230769,8.333333,yes,no,0,52,1,3
124,yes,1,18.66667,1.66,0.0568759,78.42834,yes,no,0,51,1,2
125,yes,0,34.33333,4.5,0.0032,11.16667,yes,yes,4,30,1,6
126,yes,0,25.08333,5.0,0.0316508,131.8783,no,no,0,38,1,16
127,yes,0,20.08333,1.74,0.1919466,277.9892,no,no,0,8,1,11
128,yes,0,24.75,1.875,0.08070774,126.0225,no,no,1,14,0,1
129,yes,0,41.91667,3.0,0.095609,238.8558,yes,no,3,120,0,0
130,no,5,31.08333,4.2,0.000285714,0.0,no,no,3,52,0,19
131,no,0,53.33333,4.9,0.000244898,0.0,yes,yes,0,108,0,1
132,yes,0,24.25,2.13,0.02122066,37.08333,no,no,1,13,1,4
133,no,1,25.41667,1.7,0.000705882,0.0,no,no,2,8,0,11
134,yes,0,21.83333,1.68,0.1119048,156.5833,no,no,0,18,0,2
135,no,0,20.58333,2.64,0.000454546,0.0,no,no,3,7,1,1
136,yes,0,18.41667,1.968,0.006455285,9.753333,no,no,0,114,0,2
137,yes,0,22.0,3.3,0.03947758,108.3967,no,no,0,6,1,8
138,yes,0,21.41667,1.5896,0.2052491,271.5533,no,no,0,180,1,16
139,yes,0,42.0,3.6,0.01785056,53.30167,no,yes,0,41,0,14
140,yes,0,36.41667,3.0,0.1130587,282.5633,no,no,2,16,1,6
141,yes,0,41.5,3.8,0.08315605,263.3275,no,no,0,67,1,4
142,yes,0,26.5,3.36,0.002625298,6.5175,no,no,0,12,1,4
143,no,2,33.16667,2.3204,0.000517152,0.0,no,no,0,62,0,3
144,yes,0,43.08333,7.8,0.006685513,43.03917,yes,no,0,60,0,2
145,yes,0,30.33333,2.5,0.0356228,73.7975,yes,yes,3,30,1,9
146,yes,0,25.08333,1.5,0.0128,15.416670000000002,no,no,1,12,1,7
147,yes,0,35.66667,3.5822,0.1049978,313.3525,yes,no,1,84,1,10
148,yes,1,44.5,4.0,0.01795825,59.19416999999999,yes,no,0,36,1,13
149,yes,3,43.25,6.72,0.03142812,175.9975,yes,no,3,30,1,27
150,yes,2,50.0,4.3,0.03620279,129.3933,yes,yes,1,264,1,15
151,yes,0,31.75,3.5,0.01055514,30.36917,yes,no,1,36,1,5
152,no,1,43.25,3.95,0.000303798,0.0,yes,no,2,27,1,4
153,no,5,27.16667,4.0,0.0003,0.0,yes,no,0,37,1,7
154,yes,0,24.91667,2.4,0.23063,461.26,no,no,1,164,0,1
155,yes,0,49.66667,2.7,0.08877037,199.7333,yes,no,0,120,0,3
156,yes,0,28.33333,6.6,0.007129848,38.71416,no,no,2,55,1,7
157,yes,0,26.5,2.7,0.04111704,92.26334,no,no,0,18,1,0
158,yes,0,29.41667,4.1,0.04264756,145.3792,no,no,0,13,1,0
159,yes,0,71.83334,7.701,0.06251058,400.9117,yes,no,1,24,1,9
160,yes,0,24.5,2.8,0.05955571,138.7133,no,no,0,5,1,0
161,yes,0,25.08333,3.12,0.04245641,110.3033,no,no,2,3,1,6
162,yes,0,24.91667,2.3,0.02855478,54.64666999999999,no,no,0,30,1,2
163,yes,0,30.08333,3.67,0.001798365,4.5833330000000005,yes,no,0,57,1,3
164,no,0,32.58333,6.5,0.000184615,0.0,yes,no,0,50,1,6
165,yes,0,23.08333,2.56,0.1502422,320.5167,no,no,1,11,1,2
166,yes,0,48.91667,3.5,0.067888,197.9233,yes,no,0,48,1,9
167,yes,0,25.33333,3.24,0.02563117,68.87083,no,no,0,30,1,19
168,yes,0,25.33333,3.48,0.05121034,148.26,yes,no,0,14,1,5
169,yes,0,24.91667,2.938,0.02812798,68.53333,no,no,0,14,1,0
170,no,1,29.16667,2.475,0.000484848,0.0,no,no,1,12,0,5
171,no,5,28.58333,3.12,0.000384615,0.0,no,no,0,13,0,7
172,no,0,32.33333,2.5,0.00048,0.0,no,no,1,60,1,0
173,yes,0,26.5,3.0,0.04865566,121.5558,yes,no,0,12,1,4
174,yes,0,34.33333,6.0,0.017262,86.22667,yes,no,1,48,1,5
175,yes,0,28.41667,2.6,0.04854384,105.095,yes,no,0,27,1,6
176,yes,0,23.58333,3.9,0.01830487,58.99083,no,no,1,14,1,7
177,no,1,30.83333,2.5,0.00048,0.0,no,no,0,18,1,6
178,no,1,34.66667,3.3,0.000363636,0.0,no,no,3,48,0,3
179,yes,0,31.5,5.905,0.0251939,123.8917,no,no,1,12,1,2
180,yes,1,36.16667,7.8,0.01210897,78.54166,yes,no,1,24,1,18
181,no,3,32.41667,2.06,0.000582524,0.0,no,no,0,48,1,8
182,yes,0,31.25,5.6965,0.008123409,38.0625,yes,yes,2,84,0,26
183,yes,0,28.08333,2.16,0.02572685,46.14167,no,no,2,7,1,0
184,no,3,41.58333,4.6,0.00026087,0.0,no,no,0,57,1,3
185,yes,0,21.75,3.5,0.090862,265.0142,no,no,2,42,1,9
186,yes,0,30.25,2.55,0.03532235,74.72667,yes,no,1,11,1,0
187,yes,0,43.5,1.7472,0.07401385,107.7642,yes,no,0,18,0,2
188,yes,0,29.58333,1.95,0.004564103,6.5,yes,no,2,96,1,2
189,yes,0,33.75,5.0,0.0501734,209.0558,yes,no,3,10,1,10
190,yes,0,24.16667,2.8896,0.08017754,193.0675,no,no,0,12,0,0
191,yes,0,25.41667,2.7,0.06417074,144.3842,yes,no,1,17,1,8
192,yes,0,24.25,4.0,0.1076916999999999,358.9725,no,no,0,7,1,10
193,yes,0,24.08333,2.3,0.0309899999999999,59.1475,no,no,0,12,1,0
194,yes,0,32.0,2.4,0.0005,0.0,no,no,1,11,1,8
195,no,0,46.16667,2.6,0.000461539,0.0,no,no,0,61,1,8
196,yes,0,21.91667,2.4,0.2326392,465.195,yes,no,1,168,1,4
197,yes,0,36.25,2.52,0.06781389,142.2425,no,no,2,53,0,3
198,yes,0,23.83333,1.56,0.3860019,501.8025,no,no,0,33,0,1
199,yes,0,49.41667,2.4,0.04437958,88.5925,no,yes,0,14,1,6
200,yes,0,26.08333,2.0,0.1700255,282.8758,no,no,0,2,1,2
201,yes,1,29.16667,2.58,0.1680208999999999,361.1617,no,no,0,6,1,12
202,yes,0,33.0,3.15,0.05726571,150.1767,no,yes,0,128,0,3
203,yes,0,29.33333,2.3,0.04004043,76.24416,no,no,2,24,0,5
204,yes,0,47.58333,4.65,0.01516022,58.245830000000005,no,no,2,25,1,11
205,yes,0,21.58333,3.12,0.03396795,88.23333000000001,no,no,0,56,1,3
206,yes,0,30.41667,2.0,0.0048,7.0833330000000005,yes,no,3,45,1,14
207,no,6,62.91667,2.55,0.000470588,0.0,no,no,2,20,0,13
208,yes,1,21.58333,2.46,0.1409972,289.0442,no,no,1,4,1,11
209,yes,0,30.66667,3.8,0.03251895,102.9767,no,no,0,26,0,1
210,yes,0,47.75,2.6372,0.006635826,13.916670000000002,yes,no,0,4,1,12
211,yes,1,39.75,7.0,0.1099579999999999,641.4216,yes,no,2,30,0,22
212,no,0,53.16667,2.8,0.000428571,0.0,no,no,1,156,0,11
213,no,0,22.83333,3.1475,0.000381255,0.0,no,no,2,19,0,0
214,no,1,24.91667,6.0,0.0002,0.0,no,no,2,17,1,2
215,yes,0,25.16667,3.25,0.0312399999999999,84.275,no,no,0,6,1,17
216,yes,0,61.08333,4.32,0.03697246,132.8508,yes,no,1,252,0,0
217,yes,0,29.16667,2.5,0.0767256,159.595,no,no,0,7,1,21
218,yes,0,35.33333,3.0,0.054018,135.045,no,no,1,6,1,8
219,yes,0,26.08333,3.5,0.08595,250.5208,no,no,0,52,1,2
220,yes,0,42.75,4.56,0.04965899,188.6208,no,no,0,144,1,11
221,yes,0,27.58333,2.76,0.01036232,23.25,no,no,0,30,1,1
222,yes,0,22.5,2.535,0.1013325,214.065,yes,no,2,23,1,9
223,no,7,40.91667,3.2388,0.000370508,0.0,no,no,0,50,1,16
224,no,2,35.16667,3.84,0.0003125,0.0,no,no,0,38,0,2
225,yes,0,32.83333,1.32,0.03875531,42.63083,no,no,1,6,1,2
226,no,0,25.83333,3.9,0.000307692,0.0,no,no,0,18,1,3
227,no,0,56.91667,2.04,0.000588235,0.0,yes,no,0,35,1,11
228,yes,1,30.16667,7.2904,0.07818501,474.5,yes,no,4,43,1,14
229,yes,0,25.08333,7.5,0.04870107,304.3817,yes,no,0,300,1,8
230,yes,0,34.58333,3.2604,0.02910716,78.75083000000001,no,no,1,31,1,6
231,yes,0,24.66667,1.632,0.1754246,238.3275,no,no,1,4,1,5
232,yes,0,40.75,8.0,0.04667138,311.1425,yes,no,2,38,1,0
233,yes,0,31.33333,2.2,0.04216182,77.04666999999999,yes,no,2,17,1,16
234,yes,0,27.83333,5.0,0.0289767999999999,120.4033,yes,no,1,24,1,0
235,yes,0,30.83333,3.0,0.062629,156.5725,yes,no,2,72,1,8
236,yes,0,46.25,2.0,0.00685,10.58333,yes,no,0,76,1,1
237,yes,0,20.5,1.54,0.08959676,114.8158,no,no,0,6,1,2
238,no,0,28.0,1.5,0.0008,0.0,no,no,1,5,0,0
239,yes,0,51.66667,3.0,0.07210633,179.7658,yes,no,0,121,1,0
240,yes,1,41.83333,5.0,0.1501082,625.3675,yes,no,3,84,1,7
241,yes,0,51.75,4.7232,0.02165545,84.9025,yes,no,1,60,0,0
242,yes,0,53.5,1.5,0.0008,0.0,yes,no,0,57,0,6
243,yes,0,26.08333,2.3,0.03560869,67.66666,no,no,0,24,1,0
244,yes,0,20.5,1.6,0.08383188,111.6925,no,no,0,3,1,0
245,yes,0,27.75,2.2,0.1403463999999999,257.3017,no,no,0,3,0,1
246,yes,0,23.25,4.32,0.1877141,675.7708,no,no,2,36,1,11
247,no,0,23.08333,2.6,0.000461539,0.0,no,yes,0,37,1,7
248,yes,0,20.33333,1.6752,0.1757384,245.3308,no,no,0,10,1,0
249,yes,0,83.5,2.8725,0.005848564,13.333329999999998,yes,yes,0,38,0,11
250,yes,0,24.5,2.6,0.06905923,149.545,no,yes,0,21,1,2
251,yes,0,33.75,2.9,0.104841,253.3658,yes,no,2,14,1,20
252,yes,0,25.08333,2.65,0.009650944,20.47917,no,no,0,12,1,9
253,yes,0,26.91667,1.9,0.02667368,41.81667,no,no,0,18,1,9
254,yes,0,65.91666,2.95,0.04856136,118.7133,yes,no,1,230,1,19
255,yes,0,21.58333,3.12,0.08677917,225.4592,no,no,1,10,0,6
256,yes,0,35.0,4.1125,0.02962699,101.2008,yes,no,1,37,1,23
257,no,1,46.0,6.0,0.0002,0.0,yes,no,2,84,1,46
258,yes,0,25.33333,2.0,0.006652,10.42,no,no,0,24,1,19
259,no,2,35.91667,3.38,0.00035503,0.0,yes,no,2,18,1,15
260,yes,0,33.66667,3.5,0.002742857,7.166667,no,no,0,12,1,0
261,yes,0,30.08333,2.6,0.005961538,12.08333,yes,no,4,51,1,16
262,no,11,26.41667,3.5,0.000342857,0.0,no,no,0,14,0,27
263,yes,1,24.58333,2.8,0.06297679,146.8625,no,no,0,14,1,11
264,yes,0,37.75,5.9,0.06604102,324.6183,yes,no,3,28,1,11
265,yes,0,46.25,5.4,0.05977204,268.7242,yes,no,4,204,1,7
266,yes,0,29.5,2.8,0.1067854,249.1658,no,no,0,50,1,3
267,yes,0,43.83333,3.9,0.01558974,50.08333,yes,no,3,179,1,6
268,yes,0,46.91667,3.4,0.03101882,87.63667,no,no,0,42,1,4
269,yes,0,21.83333,2.08,0.1174231,203.3667,no,no,0,5,1,0
270,yes,0,57.66667,2.5,0.05074,105.125,yes,no,0,24,1,13
271,yes,1,23.66667,1.95,0.03098154,50.17833,no,no,0,3,1,4
272,yes,0,25.66667,2.1,0.18692,327.11,no,no,0,15,1,6
273,no,0,30.66667,3.0,0.0004,0.0,yes,no,1,28,1,6
274,yes,1,34.83333,3.2,0.06567625,175.1367,yes,no,2,25,1,8
275,no,4,37.5,2.6,0.000461539,0.0,no,no,0,40,1,14
276,yes,0,40.33333,3.067,0.1596997,408.0825,no,no,2,18,0,0
277,yes,0,24.41667,2.8,0.0146375,33.57083,no,no,0,60,1,11
278,yes,0,31.25,4.8,0.1011433,404.49,yes,no,0,30,1,13
279,no,0,41.16667,4.74,0.000253165,0.0,yes,no,0,13,1,0
280,yes,0,29.83333,2.8,0.03458607,80.45084,yes,no,0,80,1,14
281,yes,0,35.91667,4.2,0.002619048,8.333333,yes,no,4,59,1,13
282,yes,0,42.91667,4.0,0.07213325,240.2775,no,no,2,180,1,9
283,no,4,25.83333,1.65,0.000727273,0.0,no,no,0,36,1,5
284,yes,0,34.16667,4.3,0.0249386,88.94667,no,no,1,12,1,2
285,yes,0,63.5,6.4532,0.000185954,0.0,yes,no,0,42,1,13
286,yes,1,21.91667,3.0,0.004701667,11.00417,no,no,1,18,0,7
287,yes,0,21.25,1.75,0.1932389,281.8067,no,no,0,6,0,3
288,no,0,22.33333,1.8,0.000666667,0.0,no,no,0,3,0,6
289,yes,0,22.91667,2.15,0.009956279,17.171670000000002,no,no,0,12,1,1
290,no,0,23.83333,7.88,0.000152284,0.0,no,yes,4,6,1,9
291,no,2,26.83333,2.6,0.000461539,0.0,no,no,0,12,1,9
292,yes,0,35.83333,2.42,0.05948347,119.625,yes,no,0,56,1,10
293,yes,0,41.08333,2.8,0.03716286,86.54666999999999,yes,no,0,48,0,6
294,yes,0,40.75,3.64,0.03113791,94.11833,no,no,1,41,1,1
295,yes,1,53.58333,9.9999,0.0998702,832.2433,yes,no,3,120,1,3
296,no,0,20.75,1.95,0.000615385,0.0,no,no,0,14,0,1
297,yes,2,34.83333,6.5,0.1407467999999999,762.3784,yes,no,0,12,1,13
298,yes,0,32.16667,3.805,0.008436268,26.0,yes,no,0,51,1,7
299,yes,0,40.75,2.15,0.1270335,227.6017,no,no,1,67,0,16
300,yes,2,38.58333,4.0,0.1139598,379.8658,no,no,0,120,1,8
301,yes,0,22.41667,3.1,0.2400212999999999,620.055,no,no,0,3,1,0
302,no,0,31.0,4.0104,0.000299222,0.0,no,no,0,42,1,0
303,yes,0,29.08333,4.58,0.01286856,48.615,no,no,0,50,1,7
304,yes,0,33.75,1.8,0.1306339,195.4508,yes,no,3,12,1,2
305,no,4,38.0,1.7095,0.00070196,0.0,no,no,2,42,1,2
306,yes,0,21.91667,2.2593,0.06498916,122.1917,yes,no,0,6,1,0
307,yes,0,26.41667,3.5,0.1319654,384.8992,no,no,2,12,1,0
308,yes,0,40.33333,9.9999,0.01560016,129.3333,yes,no,4,72,1,21
309,yes,0,23.75,1.5678,0.000765404,0.0,yes,no,1,6,1,0
310,yes,0,37.58333,2.9623,0.002227999,4.5833330000000005,yes,yes,1,93,1,13
311,yes,1,27.75,2.7,0.09362111,210.6475,no,no,0,9,1,13
312,yes,0,21.66667,2.16,0.1106287,198.5483,yes,no,0,18,1,7
313,yes,0,26.16667,4.0,0.0012,3.166667,no,no,2,18,0,0
314,no,5,31.75,4.5,0.000266667,0.0,yes,no,0,36,1,11
315,no,0,33.75,1.8,0.000666667,0.0,yes,no,2,11,1,13
316,yes,0,27.33333,2.75,0.06718982,153.7267,no,no,0,6,1,3
317,yes,0,39.75,2.42,0.01701942,34.15583,yes,no,1,49,1,25
318,no,0,23.25,2.25,0.000533333,0.0,no,no,3,12,1,0
319,no,0,23.91667,1.2,0.001,0.0,no,no,0,15,0,0
320,no,2,28.16667,2.6,0.000461539,0.0,yes,no,2,31,1,3
321,no,0,26.33333,1.5,0.0008,0.0,no,no,0,8,1,0
322,yes,0,25.33333,2.1,0.1966747999999999,344.1808,yes,no,1,22,1,19
323,yes,0,0.1666667,3.24,0.1843663999999999,497.7058,yes,no,3,25,1,16
324,no,0,36.58333,2.22,0.000540541,0.0,yes,no,2,4,1,0
325,no,2,34.83333,4.9,0.000244898,0.0,no,no,2,408,1,3
326,yes,0,41.58333,2.3,0.04575044,87.105,yes,no,0,42,1,12
327,no,2,28.33333,3.3,0.000363636,0.0,no,no,1,36,1,17
328,no,3,44.58333,2.5,0.00048,0.0,yes,no,2,62,1,18
329,yes,0,34.0,2.205,0.04400998,80.86833,yes,no,2,4,1,10
330,yes,1,35.83333,2.4,0.071715,143.3467,yes,no,0,27,1,18
331,yes,0,22.0,2.7,0.04682963,105.2833,no,no,0,15,1,7
332,yes,0,34.0,3.7,0.1893335,583.7783,yes,yes,2,5,1,2
333,no,5,27.66667,2.12,0.000566038,0.0,no,no,0,44,1,10
334,yes,0,34.5,6.2,0.1840382,950.8641,yes,no,0,60,1,11
335,yes,0,40.33333,2.5,0.0509016,105.9617,no,no,1,24,1,2
336,no,1,24.25,2.0,0.0006,0.0,no,no,0,52,0,3
337,no,0,30.16667,2.4,0.0005,0.0,no,yes,2,72,1,11
338,yes,0,45.0,4.03,0.04091464,137.0717,no,no,0,72,1,2
339,no,0,31.66667,3.0,0.0004,0.0,no,no,0,12,0,0
340,yes,0,24.91667,2.9,0.000508621,0.3125,yes,no,0,60,1,8
341,yes,0,27.83333,1.99,0.06038794,100.1433,yes,no,1,12,1,5
342,yes,0,56.91667,1.92,0.2004224,320.6758,yes,yes,1,64,1,9
343,yes,1,34.41667,5.0,0.1640627999999999,683.4283,yes,yes,1,108,1,6
344,no,2,32.58333,2.16,0.000555556,0.0,yes,no,1,38,0,8
345,yes,0,26.58333,2.2,0.07969773,145.6958,no,no,0,30,1,3
346,yes,0,20.41667,2.2375,0.05063821,93.91917,no,no,0,27,1,1
347,no,2,40.0,2.4,0.0005,0.0,no,no,0,72,1,6
348,yes,0,40.16667,1.9,0.1059958,167.8267,yes,no,3,108,1,17
349,yes,0,25.66667,5.5,0.1535069,703.4067,yes,no,1,30,1,13
350,no,0,32.08333,2.16,0.000555556,0.0,no,no,0,42,0,0
351,yes,2,26.0,7.0,0.221529,1292.003,no,yes,0,13,1,31
352,no,3,36.91667,2.6,0.000461539,0.0,yes,no,1,54,1,14
353,no,0,22.66667,2.5,0.00048,0.0,no,no,0,27,1,0
354,yes,0,28.25,3.9,0.07661206,248.9058,no,no,0,48,1,10
355,yes,0,49.16667,5.2,0.01664154,71.53,yes,no,1,15,1,6
356,yes,1,24.16667,3.25,0.1285348,347.9483,no,no,0,12,0,5
357,yes,0,32.66667,3.6,0.001833333,4.5833330000000005,no,no,0,25,1,2
358,yes,0,32.58333,10.0,0.09980781,831.7317,yes,no,3,7,1,28
359,yes,0,36.0,3.7,0.03311243,101.7633,yes,no,2,6,0,18
360,yes,0,29.25,4.467,0.1139493999999999,424.1767,yes,yes,0,63,1,5
361,no,0,36.41667,5.2,0.000230769,0.0,yes,no,2,12,1,0
362,yes,0,22.91667,4.8,0.05806896,232.2758,no,no,2,2,1,4
363,yes,0,61.0,1.5,0.2685167,335.5625,yes,no,1,372,1,24
364,yes,0,54.41667,1.5,0.01661133,20.18083,no,no,0,24,0,1
365,no,0,25.66667,1.8504,0.000648508,0.0,no,no,0,14,1,0
366,yes,0,30.33333,2.45,0.05832653,119.0,no,no,0,8,1,0
367,yes,0,27.08333,1.89,0.04420053,69.0325,no,no,0,51,1,12
368,yes,0,39.0,3.5,0.04514543,131.6742,yes,no,2,113,0,13
369,no,0,24.16667,2.7885,0.000430339,0.0,no,no,0,4,1,0
370,yes,0,47.08333,4.5,0.1395,523.125,yes,no,0,3,1,13
371,no,4,24.83333,2.8,0.000428571,0.0,no,no,0,12,1,7
372,no,3,32.16667,2.8,0.000428571,0.0,yes,no,3,106,0,11
373,yes,0,33.08333,4.5,0.104378,391.4175,no,no,1,36,1,2
374,yes,0,45.0,3.8,0.03137474,99.10333,yes,no,1,90,1,3
375,no,0,32.83333,5.0,0.00024,0.0,no,yes,0,14,1,0
376,yes,0,23.33333,2.7,0.1686141,379.2983,no,no,0,2,1,0
377,no,2,25.16667,2.5,0.00048,0.0,no,yes,1,30,1,18
378,yes,0,26.58333,3.2,0.1495691,398.8508,yes,no,2,12,1,0
379,yes,0,22.91667,1.92,0.02146354,34.09167,yes,no,2,12,1,21
380,yes,0,45.66667,2.3080000000000003,0.2200398999999999,423.1267,no,no,1,94,1,5
381,no,0,29.16667,1.7,0.000705882,0.0,no,no,1,28,1,0
382,yes,0,48.91667,3.0,0.09670267,241.4233,yes,no,2,120,0,3
383,yes,0,39.75,2.45,0.0714951,145.7192,yes,no,3,38,1,8
384,yes,0,20.08333,3.4,0.000647059,0.9166667,no,no,0,15,0,0
385,yes,0,32.91667,2.5,0.2457659999999999,512.0125,no,no,1,6,1,9
386,yes,0,39.66667,3.0,0.1275373,318.51,yes,no,0,72,1,9
387,yes,0,26.83333,3.15,0.07226063,189.6842,no,no,0,6,1,0
388,yes,0,27.25,3.5,0.06670286,194.4667,no,no,0,6,1,0
389,yes,0,19.58333,1.8,0.121795,182.6092,no,no,0,12,1,0
390,yes,0,24.08333,2.25,0.1584612999999999,297.0317,no,no,1,10,1,9
391,yes,0,22.83333,2.0,0.0229845,37.97417,no,no,0,25,1,11
392,yes,0,27.08333,4.1,0.115781,395.585,yes,no,2,41,1,14
393,yes,0,23.83333,2.97,0.08264108,204.5367,no,no,0,4,1,7
394,yes,0,41.66667,5.5,0.03244491,148.3725,yes,no,3,9,1,0
395,yes,0,27.25,3.15,0.06493969,170.4667,yes,no,2,24,1,9
396,yes,0,46.5,3.5,0.0422899999999999,122.9292,no,yes,2,48,1,1
397,yes,0,21.08333,1.5344,0.004301356,4.5833330000000005,no,no,0,14,1,11
398,yes,0,32.33333,5.1,0.101359,430.6925,yes,no,0,38,1,10
399,yes,0,22.58333,2.25,0.01111111,20.08333,no,no,0,12,1,4
400,yes,0,25.58333,3.41,0.006522581,17.785,yes,no,1,7,1,6
401,yes,0,35.25,3.7,0.1221516,376.6342,yes,no,1,12,1,0
402,no,0,34.58333,3.4,0.000352941,0.0,no,no,0,12,1,0
403,yes,0,35.75,4.14,0.1375308999999999,474.065,yes,no,0,12,1,18
404,no,4,38.25,4.8,0.00025,0.0,yes,no,1,42,1,6
405,yes,0,34.75,7.0,0.05023986,293.0658,yes,no,3,3,1,0
406,yes,0,28.75,7.0,0.1083523999999999,631.9725,yes,yes,0,12,1,5
407,yes,1,29.16667,2.2,0.03820546,69.79333000000001,no,no,0,49,1,7
408,no,0,28.58333,2.06,0.000582524,0.0,yes,no,0,31,0,12
409,no,0,22.08333,1.536,0.00078125,0.0,no,no,0,12,0,3
410,no,3,36.5,4.0,0.0003,0.0,yes,no,0,28,1,12
411,yes,0,43.83333,10.5,0.001095238,8.75,yes,no,4,168,1,16
412,yes,0,32.0,3.05,0.0501859,127.4725,no,no,0,62,0,10
413,yes,1,56.91667,3.4838,0.0628954,182.0958,yes,no,0,540,1,7
414,yes,0,24.33333,3.0,0.002791667,6.1458330000000005,yes,no,2,18,1,6
415,yes,0,34.58333,5.1,0.0970047,412.1867,yes,no,4,3,1,0
416,yes,0,53.0,2.45,0.01771837,35.675,yes,no,0,3,1,11
417,yes,0,31.16667,2.0,0.1235615,205.9358,yes,no,1,42,0,6
418,yes,0,54.08333,4.0,0.01336725,43.97417,yes,no,1,188,1,13
419,yes,0,45.83333,3.48,0.06486379,188.105,yes,yes,1,16,1,21
420,yes,0,20.83333,2.0,0.00475,7.0833330000000005,yes,yes,0,18,0,3
421,yes,0,27.33333,2.15,0.2703846,484.4392,no,no,0,6,1,12
422,no,0,37.58333,4.475,0.000268156,0.0,no,no,2,60,1,15
423,yes,0,33.25,1.7,0.006725882,8.778334,no,no,0,146,1,17
424,yes,0,28.08333,3.0,0.06997,174.925,no,no,0,18,1,11
425,yes,0,27.16667,2.3558,0.01112149,21.33333,yes,no,2,6,1,5
426,yes,0,50.0,4.5,0.09626533,360.995,yes,no,2,301,1,11
427,yes,0,48.33333,3.7,0.03722216,114.6017,yes,no,2,192,0,7
428,yes,0,25.25,5.5,0.02479182,113.2958,yes,yes,0,16,1,0
429,yes,0,30.75,3.374,0.01200622,33.5075,yes,no,0,10,1,9
430,yes,0,63.16667,5.5,0.02048182,93.625,yes,no,1,192,1,15
431,no,1,32.33333,6.0,0.0002,0.0,yes,no,4,18,1,4
432,yes,0,28.41667,6.9,0.07231405,415.8058,yes,no,0,14,1,0
433,yes,0,28.91667,2.75,0.3822784999999999,875.8884,yes,no,1,3,1,3
434,yes,0,0.5833333,2.5,0.0831712,173.0233,no,no,0,150,1,5
435,yes,0,25.66667,2.0,0.0049,7.416666999999999,no,no,0,26,1,13
436,yes,0,21.91667,2.6875,0.07412688,165.93,no,no,3,85,1,12
437,yes,0,27.16667,3.3569133333333303,0.007277206,15.583329999999998,no,no,4,36,1,4
438,yes,0,22.5,3.3569133333333303,0.1196106,178.9158,no,no,0,6,0,2
439,yes,0,25.33333,3.3569133333333303,0.03501987,44.9425,no,no,1,12,1,0
440,yes,0,20.16667,3.3569133333333303,0.1196406999999999,149.5508,no,no,0,3,1,3
441,yes,0,25.0,3.3569133333333303,0.00297809,3.75,no,no,0,4,1,5
442,no,2,36.58333,3.3569133333333303,0.000476191,0.0,yes,no,0,77,1,9
443,yes,0,19.66667,3.3569133333333303,0.04474897,82.92084,no,no,0,133,0,5
444,no,0,31.25,3.3569133333333303,0.000674157,0.0,no,no,0,14,1,0
445,yes,0,29.08333,3.3569133333333303,0.002743142,8.333333,no,no,0,120,1,15
446,yes,0,51.58333,3.3569133333333303,0.2975549,3099.505,yes,no,1,120,1,21
447,yes,0,31.5,3.3569133333333303,0.2253456,300.4608,no,no,0,6,1,8
448,yes,0,46.5,3.3569133333333303,0.0272399999999999,112.9167,yes,no,1,7,1,7
449,yes,0,24.66667,3.3569133333333303,0.04983472,94.145,yes,no,2,31,1,6
450,yes,0,54.75,3.3569133333333303,0.07603735,215.4392,no,no,1,12,1,7
451,yes,0,21.41667,3.3569133333333303,0.02445829,35.16833,yes,no,0,131,1,3
452,yes,0,27.08333,3.3569133333333303,0.008601538,22.4625,yes,no,0,48,1,6
453,yes,0,45.08333,3.3569133333333303,0.09064,294.58,no,no,0,120,1,12
454,no,0,35.91667,3.3569133333333303,0.000648649,0.0,no,no,0,62,0,0
455,yes,0,40.91667,3.3569133333333303,0.00331225,10.29083,yes,no,1,84,1,9
456,yes,0,54.5,3.3569133333333303,0.1763946,632.0808,yes,no,1,120,1,6
457,yes,0,28.16667,3.3569133333333303,0.1119656999999999,326.5667,yes,no,2,48,0,7
458,yes,1,34.08333,3.3569133333333303,0.1107658999999999,747.67,yes,yes,3,36,1,15
459,yes,1,30.0,3.3569133333333303,0.05105425,170.1808,yes,no,5,28,1,7
460,yes,1,33.91667,3.3569133333333303,0.9063205,1510.534,no,no,0,12,1,5
461,no,0,0.75,3.3569133333333303,0.0004,0.0,no,no,0,18,0,2
462,yes,0,51.25,3.3569133333333303,0.04344189,191.7017,no,no,1,108,1,2
463,no,7,25.91667,3.3569133333333303,0.000461539,0.0,no,no,3,36,1,11
464,yes,0,27.91667,3.3569133333333303,0.08961231,188.1858,no,no,1,12,1,0
465,no,0,23.83333,3.3569133333333303,0.000545455,0.0,no,no,0,31,0,0
466,yes,0,29.0,3.3569133333333303,0.5263956,1096.657,no,no,0,12,1,14
467,yes,0,33.5,3.3569133333333303,0.094966,276.9842,no,no,0,4,1,13
468,no,1,30.83333,3.3569133333333303,0.000275862,0.0,no,no,0,28,1,5
469,no,0,38.75,3.3569133333333303,0.00075,0.0,no,no,0,51,1,1
470,yes,0,32.16667,3.3569133333333303,0.023269,38.365,no,no,2,24,1,4
471,yes,1,43.33333,3.3569133333333303,0.3706127,1482.368,yes,no,0,3,1,4
472,yes,0,29.83333,3.3569133333333303,0.01855033,45.87583,yes,no,2,28,1,4
473,yes,0,62.0,3.3569133333333303,0.04700183,64.07417,yes,no,0,270,0,1
474,no,2,35.5,3.3569133333333303,0.000413793,0.0,no,no,1,102,1,21
475,yes,0,21.5,3.3569133333333303,0.01799908,35.16667,no,no,0,7,0,5
476,yes,0,38.25,3.3569133333333303,0.0676087,129.4167,yes,no,0,3,1,3
477,yes,0,39.58333,3.3569133333333303,0.09833618,663.7692,yes,no,3,43,1,13
478,no,2,40.5,3.3569133333333303,0.000336135,0.0,no,yes,0,31,1,7
479,no,0,34.25,3.3569133333333303,0.000617284,0.0,no,no,1,54,1,1
480,yes,0,34.83333,3.3569133333333303,0.03314945,75.63417,yes,no,0,151,1,11
481,yes,0,28.16667,3.3569133333333303,0.0016,3.75,yes,no,1,31,1,7
482,yes,0,47.16667,3.3569133333333303,0.05167186,301.2525,yes,no,1,144,1,8
483,yes,0,28.16667,3.3569133333333303,0.096285,224.5817,no,no,0,5,0,1
484,yes,0,22.41667,3.3569133333333303,0.03733385,60.58416999999999,no,no,0,3,1,0
485,no,0,45.5,3.3569133333333303,0.000184615,0.0,no,no,2,34,1,9
486,yes,0,22.91667,3.3569133333333303,0.2395248,498.9267,no,no,0,2,1,0
487,yes,1,37.08333,3.3569133333333303,0.003666667,8.333333,no,no,0,60,1,9
488,yes,0,27.25,3.3569133333333303,0.07033833,105.5075,yes,no,2,6,1,4
489,yes,0,39.58333,3.3569133333333303,0.02623077,56.33333,yes,no,3,70,1,9
490,yes,0,51.83333,3.3569133333333303,0.070965,212.4783,yes,no,1,125,1,13
491,yes,0,23.66667,3.3569133333333303,0.007781739,14.33167,no,no,2,14,0,0
492,no,1,21.5,3.3569133333333303,0.000674157,0.0,no,no,0,5,1,1
493,yes,0,21.91667,3.3569133333333303,0.000310881,0.0,yes,yes,0,18,1,8
494,yes,0,45.58333,3.3569133333333303,0.01453408,58.93083000000001,yes,no,2,159,1,4
495,no,0,39.91667,3.3569133333333303,0.000333333,0.0,no,no,0,14,0,0
496,yes,0,42.25,3.3569133333333303,0.02476569,66.26417,yes,no,2,36,1,3
497,no,2,27.5,3.3569133333333303,0.000648649,0.0,no,no,0,24,1,12
498,yes,0,25.75,3.3569133333333303,0.05965243,91.96417,yes,no,0,24,1,9
499,yes,0,25.41667,3.3569133333333303,0.1660627999999999,215.8817,no,no,0,12,1,0
500,yes,0,31.83333,3.3569133333333303,0.007014479,22.98667,yes,no,1,101,1,9
501,no,5,25.25,3.3569133333333303,0.000363636,0.0,yes,no,1,75,1,23
502,yes,0,24.16667,3.3569133333333303,0.1149625,240.38,no,no,0,10,1,12
503,yes,0,28.16667,3.3569133333333303,0.02481051,89.955,yes,no,1,84,0,1
504,yes,0,26.58333,3.3569133333333303,0.06488553,126.6508,no,no,1,26,1,2
505,yes,0,20.91667,3.3569133333333303,0.042129,140.3467,yes,no,0,24,1,4
506,no,2,35.58333,3.3569133333333303,0.000235294,0.0,yes,no,1,63,1,8
507,yes,0,32.16667,3.3569133333333303,0.1178903,294.5592,yes,no,2,9,1,0
508,yes,0,28.66667,3.3569133333333303,0.02358028,68.35916999999999,yes,no,5,42,1,12
509,yes,0,39.75,3.3569133333333303,0.03496943,101.4942,yes,no,0,12,1,0
510,yes,0,34.83333,3.3569133333333303,0.2375431,1088.739,yes,no,4,12,1,0
511,yes,0,51.75,3.3569133333333303,0.01511711,47.7875,yes,no,1,51,1,5
512,yes,0,22.66667,3.3569133333333303,0.03404134,50.02833,no,no,0,3,1,0
513,yes,0,38.25,3.3569133333333303,0.08108,344.0067,yes,no,3,126,1,17
514,yes,0,46.25,3.3569133333333303,0.02528568,188.295,yes,no,0,96,1,17
515,yes,0,50.33333,3.3569133333333303,0.04148197,245.3517,yes,no,2,12,1,0
516,yes,0,32.08333,3.3569133333333303,0.1426412999999999,285.2825,yes,no,0,96,0,8
517,yes,1,30.58333,3.3569133333333303,0.006686838,17.58333,no,no,0,19,1,12
518,yes,0,38.83333,3.3569133333333303,0.2897866,1569.677,yes,no,4,117,1,18
519,yes,0,39.58333,3.3569133333333303,0.01105884,43.74417,yes,no,1,8,1,9
520,yes,0,39.66667,3.3569133333333303,0.02240434,55.760830000000006,yes,yes,1,132,1,22
521,yes,0,41.66667,3.3569133333333303,0.04356111,97.5125,yes,no,2,28,1,11
522,yes,0,38.83333,3.3569133333333303,0.01299352,58.05416,yes,yes,0,108,1,17
523,yes,0,37.08333,3.3569133333333303,0.03150603,213.1292,yes,yes,3,120,1,5
524,yes,0,27.83333,3.3569133333333303,0.03792664,95.9975,no,no,0,13,1,0
525,yes,1,29.5,3.3569133333333303,0.03545144,61.19917,yes,no,2,12,1,11
526,yes,0,28.91667,3.3569133333333303,0.000794176,0.0,no,no,0,44,1,15
527,no,1,31.08333,3.3569133333333303,0.0004,0.0,yes,no,2,51,1,2
528,yes,0,30.33333,3.3569133333333303,0.2956862,640.6533,yes,no,0,25,1,4
529,yes,0,37.41667,3.3569133333333303,0.0298332,61.73583000000001,yes,no,2,120,0,4
530,yes,0,44.58333,3.5,0.01198229,34.53167,yes,no,1,33,1,13
531,yes,0,25.33333,2.4,0.1066462,213.2925,no,no,0,5,1,10
532,yes,0,26.83333,2.32,0.007586207,14.0,no,no,0,2,1,0
533,yes,0,46.16667,2.58,0.07673334,164.6433,yes,no,2,120,0,15
534,yes,0,28.08333,2.1,0.09068,158.6067,yes,no,1,24,0,11
535,yes,0,38.41667,2.35,0.06853744,133.9692,no,no,1,72,1,8
536,yes,0,46.75,2.8,0.000428571,0.0,yes,no,1,84,1,2
537,no,2,52.25,3.7,0.000324324,0.0,no,no,4,1,1,6
538,no,0,37.16667,1.68,0.000714286,0.0,yes,no,3,120,0,8
539,no,0,25.33333,2.64,0.000454546,0.0,no,no,0,24,1,33
540,yes,1,28.25,2.3,0.03489609,66.30083,yes,no,1,24,1,14
541,yes,2,35.33333,6.888,0.01023621,58.50583,yes,no,0,5,1,18
542,no,4,25.41667,4.0,0.0003,0.0,no,no,0,36,1,32
543,yes,0,28.16667,2.0,0.06025,100.4167,yes,no,1,38,0,8
544,no,0,19.0,1.97,0.000609137,0.0,no,no,1,24,1,2
545,yes,0,25.41667,3.0,0.01046967,25.5075,no,no,2,3,1,11
546,yes,0,26.08333,2.75,0.1835625,420.5808,yes,no,1,6,1,11
547,yes,0,31.25,5.0,0.0743784,309.91,yes,no,2,12,1,12
548,yes,0,33.66667,2.1,0.0449081,78.25584,no,no,4,12,1,0
549,yes,0,27.91667,4.0,0.03709175,123.2225,yes,no,2,2,1,0
550,yes,1,48.33333,3.0,0.03187233,79.17583,yes,yes,0,180,1,12
551,yes,0,36.83333,3.3,0.1568097,431.1433,no,no,0,3,1,0
552,no,3,45.41667,2.35,0.000510638,0.0,no,no,0,36,1,15
553,no,2,53.0,2.16,0.000555556,0.0,no,yes,0,74,0,5
554,yes,0,27.58333,3.9,0.04137513,134.3858,yes,no,3,12,1,6
555,yes,0,40.0,2.3115,0.02862341,54.96917,no,no,1,158,1,9
556,yes,0,49.16667,1.7,0.000705882,0.0,no,no,1,14,0,6
557,yes,0,40.33333,2.0,0.0723855,120.5592,no,no,0,24,1,4
558,yes,0,23.83333,4.8,0.0801425,320.4867,no,yes,0,42,1,2
559,yes,0,34.25,3.0,0.5409953000000001,1352.4879999999998,yes,no,0,72,1,3
560,yes,0,21.41667,1.56,0.06716603,87.14917,no,no,0,24,0,5
561,yes,0,39.33333,2.0,0.049059,81.265,yes,no,2,200,1,9
562,yes,0,24.25,2.6,0.2969185,643.3233,no,no,1,10,1,11
563,yes,0,47.83333,4.68,0.03474402,134.9183,yes,no,1,210,1,6
564,yes,0,34.83333,4.0,0.2582514999999999,860.755,no,yes,0,204,0,6
565,yes,0,52.25,1.8744,0.0552038,85.97833,yes,no,0,250,1,4
566,yes,3,47.5,3.1,0.1792845,463.1517,no,no,0,24,1,15
567,yes,0,25.75,2.8,0.05751464,134.2008,no,no,0,6,0,3
568,yes,0,24.08333,2.04,0.1136103,192.7208,no,no,0,109,1,5
569,yes,0,24.5,2.1,0.3213480999999999,562.3592,no,no,0,28,1,5
570,yes,0,22.33333,2.0,0.164968,274.9467,no,no,0,13,1,7
571,yes,0,33.16667,5.6,0.08529589,398.0475,yes,no,4,84,1,4
572,yes,0,38.91667,3.0,0.04979033,124.4758,yes,no,1,84,1,11
573,yes,0,22.16667,2.4,0.08183375,163.4175,no,no,0,23,1,0
574,yes,0,23.33333,1.85,0.06057946,93.31,no,no,0,4,1,1
575,yes,0,24.08333,2.9,0.04706862,113.2492,yes,no,0,60,1,3
576,no,0,26.66667,2.0,0.0006,0.0,no,yes,1,63,1,2
577,yes,0,52.41667,1.89,0.02392328,37.42916,no,no,0,240,1,6
578,yes,0,20.25,2.0,0.2048969999999999,341.245,no,no,0,24,1,7
579,yes,0,25.41667,1.6417,0.3715959,508.2908,no,no,0,19,1,9
580,no,4,22.75,2.34,0.000512821,0.0,no,no,0,61,1,6
581,yes,0,24.41667,1.9,0.2731215999999999,432.3592,no,no,0,19,1,6
582,yes,0,21.5,1.53,0.03650327,46.29167,yes,no,0,22,1,11
583,yes,0,22.41667,3.9946,0.07619161,253.6292,no,no,0,268,1,2
584,yes,0,46.33333,1.6,0.04630688,61.7425,no,no,0,162,1,11
585,yes,0,19.41667,1.8,0.08415,125.8917,no,no,0,3,1,0
586,yes,1,29.83333,3.7,0.595776,1836.976,no,no,0,24,1,7
587,yes,0,28.91667,2.1,0.009285714,15.583329999999998,no,no,0,28,1,5
588,yes,0,26.66667,2.0,0.03145,51.75,no,no,1,6,1,1
589,no,1,44.83333,2.6,0.000461539,0.0,yes,no,0,48,1,1
590,yes,0,27.0,2.675,0.03482019,77.28667,yes,no,0,135,1,0
591,no,1,30.16667,4.16,0.000288462,0.0,yes,yes,2,37,1,15
592,yes,0,24.83333,2.1,0.1375624,240.4842,no,no,1,24,1,5
593,yes,0,28.0,2.4,0.0337825,67.39833,no,no,1,24,1,4
594,yes,0,39.16667,3.12,0.02673974,69.27333,yes,yes,2,66,1,5
595,yes,0,31.41667,3.0,0.06917133,172.5717,yes,no,1,24,1,13
596,yes,0,40.41667,3.115,0.07675923,199.0042,yes,no,1,60,1,11
597,no,3,23.16667,1.6213,0.000740147,0.0,no,no,1,144,0,4
598,yes,0,43.58333,4.3681,0.04429271,160.4792,yes,no,2,110,1,10
599,no,0,25.16667,2.5340000000000003,0.00047356,0.0,no,no,0,14,1,3
600,no,2,40.58333,3.1,0.000387097,0.0,yes,no,1,66,1,5
601,no,7,32.08333,2.7161,0.00044181,0.0,no,no,1,60,0,10
602,yes,0,42.16667,4.04,0.01336535,44.41333,no,no,0,5,1,6
603,yes,0,47.33333,2.7495,0.2148416,492.2558,no,no,0,156,0,11
604,yes,0,27.83333,3.0,0.1608052999999999,401.93,no,no,1,24,1,2
605,yes,0,30.66667,3.15,0.06829016,179.1783,yes,no,1,19,1,9
606,no,0,38.5,5.97,0.000201005,0.0,yes,no,1,3,1,19
607,yes,0,31.0,2.6,0.0841927,182.1675,no,no,0,5,1,0
608,no,0,47.91667,8.4,0.000142857,0.0,yes,no,3,6,1,0
609,yes,0,21.91667,1.95,0.03838103,61.9525,no,no,0,40,0,4
610,yes,0,36.75,3.0,0.032497,80.82584,yes,no,3,134,0,4
611,yes,0,23.5,2.8,0.003928571,8.333333,yes,no,0,12,1,3
612,yes,1,25.33333,4.55,0.04465253,169.0575,yes,no,1,42,1,10
613,yes,0,21.25,1.99,0.03496332,57.980830000000005,no,no,2,8,1,5
614,yes,0,48.91667,4.5,0.05416889,203.1333,no,no,2,17,1,0
615,no,0,35.58333,4.0,0.0003,0.0,no,no,2,70,1,1
616,yes,0,39.08333,3.5,0.06206229,181.015,yes,no,1,42,1,0
617,no,1,27.66667,2.15,0.00055814,0.0,no,no,0,97,1,1
618,no,0,23.25,1.62,0.000740741,0.0,no,no,0,32,1,7
619,yes,0,31.16667,3.5,0.1656494,483.0608,no,no,1,14,0,0
620,yes,0,26.83333,2.9,0.006872069,15.940829999999998,yes,yes,1,26,1,3
621,yes,0,39.25,3.4064,0.06364079,180.655,no,yes,1,120,1,7
622,yes,0,24.83333,4.0,0.00165,4.5833330000000005,no,yes,2,48,1,4
623,yes,0,27.16667,2.6,0.8778461,1902.0,no,no,0,4,1,7
624,yes,0,24.66667,2.0676,0.2071183999999999,356.7817,no,no,0,4,1,17
625,yes,0,44.66667,2.4,0.0005,0.0,no,no,0,36,1,11
626,yes,0,25.16667,3.42,0.008915205,24.575,no,no,0,3,1,0
627,yes,0,21.91667,6.7,0.05414866,302.2467,no,no,0,8,1,6
628,yes,0,40.41667,5.43,0.007506077,33.215,no,no,0,14,1,11
629,yes,0,24.08333,1.62,0.01050802,13.68583,no,no,0,12,0,4
630,yes,0,31.83333,2.4192,0.05800388,116.3525,no,no,0,24,1,7
631,yes,0,24.66667,3.4,0.05114029,144.3975,no,no,0,12,1,8
632,yes,0,47.41667,3.6,0.03811111,113.75,yes,yes,2,120,1,12
633,yes,0,27.16667,2.5,0.0887728,184.9433,no,no,0,12,1,8
634,yes,0,49.58333,1.75,0.01074229,15.3325,yes,no,1,38,1,3
635,yes,0,32.0,2.5,0.0544468,113.1808,no,no,0,8,1,5
636,yes,0,35.0,4.5,0.01022222,37.58333,yes,no,3,144,1,3
637,no,1,26.16667,2.466,0.000486618,0.0,yes,no,0,14,1,20
638,yes,0,20.66667,2.7,0.06984445,156.9,no,no,1,38,1,10
639,no,0,34.25,2.4,0.0005,0.0,no,no,0,27,1,2
640,yes,0,49.83333,6.9,0.06075971,349.2017,yes,no,3,160,0,0
641,yes,0,40.75,4.8,0.1537802,615.1208,yes,no,3,122,1,17
642,yes,0,20.83333,1.92,0.1300521,208.0833,no,no,0,84,1,6
643,yes,0,40.33333,2.8,0.03813821,88.73917,no,no,3,19,0,0
644,yes,0,25.08333,1.6949,0.02467697,34.52083,no,no,0,3,0,16
645,yes,0,29.33333,3.5,0.1257411,366.745,no,no,0,19,1,0
646,yes,1,40.5,2.25,0.02382222,44.0,no,no,0,86,1,10
647,no,2,30.75,2.315,0.000518359,0.0,no,no,1,17,1,8
648,yes,0,30.66667,4.0,0.09011575,299.8858,yes,no,1,37,0,6
649,yes,0,40.0,4.5,0.09576601,359.1225,no,no,5,2,1,0
650,yes,0,23.0,3.1782,0.09312976,246.5708,no,no,0,17,1,3
651,yes,0,23.08333,3.0,0.02586333,63.99166,no,no,0,3,1,0
652,yes,0,31.33333,3.0,0.020658,51.645,yes,no,2,44,0,12
653,no,0,24.58333,2.0,0.0006,0.0,no,no,0,7,0,6
654,yes,0,36.5,3.5,0.2171703,633.4133,yes,no,0,95,1,17
655,yes,0,0.5833333,4.0,0.0726635,242.1283,yes,no,3,24,1,4
656,no,0,28.83333,2.58,0.000465116,0.0,yes,no,0,41,1,11
657,yes,0,45.58333,11.9999,0.02006617,200.4933,yes,yes,1,24,1,6
658,yes,1,0.5,3.7,0.01063703,32.46416,no,no,0,186,0,5
659,no,0,23.25,1.4340000000000002,0.00083682,0.0,yes,no,0,12,1,6
660,yes,0,38.91667,3.68,0.01952256,59.61917,yes,no,3,44,1,11
661,no,0,23.83333,2.55,0.000470588,0.0,yes,no,2,24,1,0
662,no,4,37.25,3.5,0.000342857,0.0,yes,no,2,15,1,9
663,yes,0,28.25,2.3,0.1644965,315.2017,yes,no,1,13,0,4
664,yes,0,26.25,3.1894,0.09721233,258.2908,no,no,0,10,1,11
665,yes,0,26.5,2.35,0.000510638,0.0,no,no,0,36,1,11
666,no,4,25.83333,1.97,0.000609137,0.0,no,no,0,7,1,6
667,yes,0,41.25,3.6,0.1525236,457.4875,yes,no,3,68,1,10
668,no,1,38.58333,3.2,0.000375,0.0,no,no,2,14,1,6
669,yes,0,34.75,2.0,0.0033,4.5833330000000005,yes,no,2,38,1,6
670,yes,0,31.5,2.85,0.3137003,745.0383,yes,no,2,30,1,11
671,yes,0,24.0,3.095,0.0698588,180.1775,yes,no,1,12,1,23
672,yes,0,25.16667,1.5,0.08980467,111.8392,yes,no,1,14,1,19
673,yes,0,57.08333,4.8,0.1534315,613.6425,yes,no,0,138,1,4
674,yes,0,23.83333,2.6,0.1539746,333.6117,no,no,0,6,1,0
675,yes,0,23.16667,2.85,0.08745825,207.7133,yes,no,1,50,0,8
676,yes,0,28.16667,3.35,0.07162478,199.3692,yes,no,0,18,1,2
677,yes,0,32.58333,1.8142,0.05414067,81.435,yes,no,0,9,1,22
678,yes,0,34.83333,3.6,0.03882722,116.315,yes,yes,4,48,1,8
679,no,0,31.08333,1.515,0.000792079,0.0,no,no,2,20,1,0
680,yes,0,24.83333,2.4,0.26509,530.18,no,no,1,24,1,13
681,no,0,38.66667,3.0,0.0004,0.0,no,no,0,36,0,2
682,no,7,36.91667,3.5,0.000342857,0.0,yes,no,2,60,1,7
683,yes,0,29.75,3.0,0.046713,116.4492,yes,no,1,12,1,8
684,yes,0,34.75,2.34,0.1833798999999999,357.5908,yes,no,0,108,0,11
685,yes,0,25.08333,2.1,0.1227771,214.86,no,no,0,26,1,17
686,yes,0,22.16667,1.6,0.1506275,200.5867,yes,no,0,27,1,3
687,yes,0,26.66667,2.216,0.03075632,56.463330000000006,no,no,0,10,1,2
688,yes,0,32.0,3.65,0.006082192,17.66667,yes,no,2,20,1,17
689,no,6,39.33333,3.2,0.000375,0.0,no,no,0,88,1,7
690,no,0,30.91667,2.6,0.000461539,0.0,no,no,0,5,0,0
691,yes,1,60.08333,6.1,0.0943482,479.4367,yes,no,1,244,1,14
692,no,2,36.41667,3.0,0.0004,0.0,no,no,0,74,1,16
693,yes,0,36.91667,4.5,0.08238,308.925,yes,no,0,60,1,16
694,yes,0,28.83333,2.184,0.07956502,144.6417,yes,no,0,5,1,14
695,no,0,66.5,3.25,0.000369231,0.0,yes,no,3,300,1,13
696,yes,0,35.16667,2.2,0.1334473,244.6533,yes,no,1,13,1,9
697,yes,0,74.16666,2.8065,0.01688936,38.83333,yes,no,0,511,1,10
698,yes,0,28.41667,2.4304,0.2284344,462.6558,yes,no,2,29,1,17
699,yes,0,55.16667,6.7,0.03858522,214.9342,yes,no,1,300,1,13
700,no,1,38.33333,4.0,0.0003,0.0,yes,yes,3,40,1,7
701,no,0,37.83333,5.16,0.000232558,0.0,yes,yes,0,86,1,1
702,yes,0,39.66667,5.1,0.05751137,244.4233,yes,no,3,132,1,15
703,yes,0,44.58333,4.2,0.03867167,135.1842,yes,no,2,150,0,2
704,yes,0,30.75,5.6,0.03980107,185.7383,yes,no,0,1,0,8
705,yes,0,23.41667,1.86,0.2670520999999999,413.5975,no,no,0,3,1,4
706,no,0,27.41667,1.64,0.000731707,0.0,no,no,0,104,1,0
707,yes,0,51.91667,6.8,0.002705882,14.666670000000002,no,no,0,38,0,5
708,yes,0,22.83333,1.8468,0.011423,16.91333,no,no,0,48,1,4
709,no,0,22.5,1.8,0.000666667,0.0,no,no,2,4,1,0
710,no,1,36.83333,3.0,0.0004,0.0,yes,no,1,12,1,16
711,yes,0,36.41667,2.2,0.01145455,20.33333,yes,no,0,77,1,0
712,no,1,22.75,1.8,0.000666667,0.0,no,no,0,6,1,2
713,yes,0,32.0,2.6,0.002961538,5.5833330000000005,no,no,0,84,1,21
714,no,0,27.08333,2.0,0.0006,0.0,no,no,0,24,1,4
715,yes,0,38.33333,5.0,0.0572476,238.365,yes,no,3,9,1,0
716,yes,0,28.66667,4.22,0.08559075,300.9942,yes,no,1,22,1,3
717,yes,0,38.16667,4.0188,0.1649273,552.3417,no,no,3,102,0,3
718,yes,0,26.08333,3.0,0.045469,113.5892,no,no,0,28,1,8
719,yes,0,22.0,3.1532,0.03821515,99.91666,no,no,0,14,0,3
720,yes,0,23.5,2.8,0.06339286,147.3333,no,no,0,64,1,8
721,yes,0,29.58333,2.86,0.2015342999999999,480.3233,no,no,0,47,1,1
722,yes,0,23.08333,2.04,0.1794971,304.895,no,no,0,12,1,9
723,yes,0,33.83333,3.5,0.02189943,63.45667,yes,no,0,12,1,8
724,yes,0,64.58334,7.125,0.02533895,149.7,yes,no,1,241,1,8
725,no,0,23.5,2.5,0.00048,0.0,no,no,0,36,0,0
726,yes,0,23.83333,3.3,0.06044576,166.0592,no,no,0,2,1,5
727,yes,0,36.91667,2.2,0.08092181,148.19,no,no,1,8,1,4
728,yes,1,38.25,3.2,0.04545781,121.2208,yes,no,1,84,0,12
729,yes,0,22.0,4.0,0.0480585,160.0283,yes,no,0,27,1,4
730,yes,0,38.5,5.5689,0.04341593,201.4825,no,no,3,30,1,7
731,yes,0,36.58333,7.0,0.01020614,59.11917,yes,no,3,18,1,5
732,no,1,26.25,2.3,0.000521739,0.0,no,no,0,66,1,3
733,yes,0,21.5,5.5,0.07795545,356.8792,no,no,0,50,1,0
734,yes,1,41.41667,2.5,0.07657401,159.1958,no,yes,2,131,0,3
735,no,1,40.83333,2.5,0.00048,0.0,yes,no,1,96,1,8
736,yes,0,25.16667,8.0,0.01700675,112.8783,yes,no,2,18,1,0
737,yes,0,23.5,1.83,0.07156994,108.9775,no,no,1,12,0,10
738,yes,0,27.25,2.9,0.03821552,91.6875,no,no,0,9,0,3
739,no,3,38.75,4.7,0.000255319,0.0,yes,no,3,36,1,8
740,no,2,23.08333,1.725,0.000695652,0.0,no,no,0,204,0,5
741,no,0,37.25,1.5548,0.000771803,0.0,no,no,1,36,1,0
742,yes,0,41.58333,3.82,0.1451636,462.0208,no,no,2,36,1,2
743,yes,0,52.41667,2.4,0.06928459,138.5692,no,yes,1,96,1,2
744,yes,0,31.75,2.4,0.1869583,373.4167,no,no,1,54,0,1
745,yes,0,36.0,3.0,0.121849,304.6225,no,no,1,180,1,5
746,yes,0,21.41667,1.6,0.2893312,385.775,no,no,0,192,1,3
747,yes,0,42.08333,2.68,0.1430284,319.43,no,no,1,84,1,0
748,yes,0,32.33333,6.3,0.08876603,465.9383,no,yes,4,60,1,7
749,yes,0,24.25,1.6,0.04509,59.78667,no,no,0,43,1,2
750,yes,0,32.25,2.6,0.07879038,170.4625,no,no,1,76,0,3
751,yes,0,28.91667,2.1,0.1384924,242.195,no,no,2,24,1,7
752,no,1,28.33333,1.9324,0.000620989,0.0,no,no,2,74,1,4
753,yes,0,23.16667,2.5,0.2298219999999999,478.7125,yes,no,0,12,1,4
754,no,1,44.58333,1.8,0.000666667,0.0,no,yes,0,60,1,2
755,yes,0,31.41667,3.56,0.03320618,98.345,no,no,0,72,1,9
756,yes,0,24.91667,3.4,0.1063297,301.0175,no,no,0,17,1,7
757,yes,0,28.25,2.55,0.2395941,509.0542,no,no,1,90,1,3
758,yes,0,47.41667,4.92,0.0448939,183.8983,yes,yes,1,288,1,14
759,yes,0,26.41667,3.9,0.01446872,46.52333,no,no,0,30,1,13
760,yes,0,37.08333,5.2,0.05915846,256.1867,no,no,0,12,0,0
761,yes,0,54.41667,9.0,0.06282978,470.9733,yes,no,3,147,1,6
762,yes,0,35.25,6.0,0.4582348,2291.174,no,no,2,10,1,0
763,yes,0,35.5,7.5,0.0205616,128.4267,yes,no,4,19,1,12
764,yes,0,44.5,9.0,0.2599927,1949.862,no,no,2,4,1,7
765,yes,0,20.16667,2.1,0.1538495,269.1533,no,no,1,27,0,6
766,yes,0,23.75,3.0,0.016826,41.48167,no,no,3,18,1,3
767,yes,0,27.58333,2.6,0.03666654,79.36083,no,no,0,168,1,5
768,yes,0,54.75,5.48,0.1342037,612.8633,yes,no,1,146,1,4
769,yes,0,40.33333,8.2,0.02820012,192.4508,yes,no,3,172,1,15
770,yes,1,32.83333,2.5,0.1573136,327.7367,no,no,0,147,1,3
771,yes,0,28.5,3.0,0.07104634,177.6158,yes,no,0,20,1,0
772,yes,0,35.5,6.5,0.067598,365.9058,yes,no,0,6,1,0
773,yes,1,56.75,7.572,0.006669308,41.33333,yes,yes,2,39,1,18
774,yes,1,28.16667,2.0,0.0518389999999999,86.14833,no,no,1,61,1,2
775,no,3,31.0,3.25,0.000369231,0.0,no,no,1,72,1,7
776,no,2,24.0,3.0,0.0004,0.0,no,no,0,24,1,4
777,yes,0,40.75,7.0,0.06458829,376.765,no,no,3,6,1,2
778,no,7,33.0,7.5,0.00016,0.0,no,no,0,24,1,8
779,yes,0,38.41667,3.8,0.05987158,189.1767,yes,no,0,23,1,6
780,yes,0,25.91667,3.7,0.08436351,260.1208,yes,no,0,236,1,6
781,yes,0,33.16667,3.4,0.1436397,406.9792,yes,no,1,36,1,7
782,no,1,27.91667,2.85,0.000421053,0.0,no,no,0,60,0,7
783,yes,0,28.33333,2.6,0.05487154,118.7217,no,no,0,33,1,4
784,yes,0,22.08333,1.5659999999999998,0.07067624,91.7325,no,no,0,18,1,1
785,yes,0,24.25,1.8,0.1336027999999999,200.2375,yes,no,0,151,1,5
786,yes,0,39.41667,3.1,0.1696903,438.3667,yes,no,2,18,1,3
787,no,0,25.41667,1.5,0.0008,0.0,no,yes,4,48,0,1
788,yes,1,19.0,2.19,0.3406356,621.66,no,no,0,59,1,2
789,yes,0,31.25,5.5,0.0708629,324.705,yes,no,3,6,1,7
790,yes,0,31.91667,4.4,0.04042523,148.0592,yes,no,2,72,1,8
791,yes,0,33.25,3.0,0.3761903,940.3925,yes,no,2,97,1,4
792,yes,1,26.33333,2.95,0.1325831,325.85,no,no,0,24,1,5
793,yes,0,26.66667,1.6,0.02353625,30.54833,yes,no,0,24,1,5
794,yes,0,22.41667,2.0,0.115791,192.8183,no,no,0,8,1,8
795,yes,0,25.08333,2.8542,0.1362319,324.0275,no,yes,1,42,1,3
796,yes,0,26.66667,2.2,0.05026682,91.98917,no,no,0,42,1,8
797,yes,0,29.41667,3.65,0.08789534,267.3483,no,no,0,24,1,17
798,no,9,35.08333,1.7,0.000705882,0.0,no,no,0,90,1,10
799,yes,0,57.33333,1.65,0.009515151,12.25,no,no,0,24,1,3
800,yes,0,52.16667,2.66,0.04462218,98.57916,yes,no,3,228,1,0
801,yes,0,41.83333,2.75,0.019072,43.20667,yes,no,1,136,0,9
802,yes,0,39.41667,1.56,0.04665384,60.06667,no,no,0,25,1,3
803,no,1,56.75,8.0,0.00015,0.0,yes,no,0,408,1,7
804,yes,0,28.25,2.0272,0.1110255,187.1425,yes,no,1,91,1,1
805,yes,0,38.08333,4.0,0.0092175,29.975,yes,no,0,16,1,8
806,yes,0,55.08333,6.7,0.07986075,445.8058,yes,no,0,35,1,0
807,yes,0,29.33333,2.5,0.1795447999999999,374.0517,yes,no,0,70,1,9
808,yes,0,19.83333,3.0,0.0004,0.0,no,no,0,49,1,3
809,yes,0,25.25,3.2,0.04542718,121.0558,no,no,0,4,1,6
810,yes,0,27.25,3.18,0.09087579,240.8208,no,no,2,12,0,0
811,yes,0,27.5,3.2,0.03100344,82.3425,yes,no,0,23,1,9
812,yes,1,26.0,1.7305,0.09120428,131.5242,no,no,0,8,1,10
813,yes,0,25.91667,2.4,0.1078696,215.7392,no,no,0,150,1,18
814,no,1,32.25,2.25,0.000533333,0.0,no,no,1,42,0,13
815,yes,0,43.33333,3.9495,0.1571475,517.2117,yes,no,6,3,0,0
816,yes,0,34.91667,3.0,0.01464867,36.205,no,no,1,30,0,2
817,yes,0,27.75,2.65,0.07259849,159.655,no,no,0,8,1,0
818,no,5,28.0,2.236,0.000536673,0.0,no,no,0,72,1,11
819,yes,0,39.41667,4.7,0.06314021,247.2992,yes,no,4,12,1,10
820,yes,0,40.83333,3.48,0.00768908,21.715,no,no,0,28,1,22
821,yes,0,23.33333,2.55,0.007960784,16.25,no,no,1,6,1,0
822,yes,1,43.58333,2.77,0.04364765,100.3367,yes,no,0,44,1,14
823,yes,0,47.83333,3.1131,0.02505766,64.75584,no,no,0,7,1,16
824,yes,0,18.75,1.968,0.06387195,103.9167,no,no,0,64,0,1
825,yes,1,21.16667,1.8,0.1925344,288.8017,no,no,0,192,1,8
826,no,1,54.83333,9.4,0.00012766,0.0,yes,no,1,94,0,2
827,yes,0,35.5,5.5,0.01289636,58.60833,no,no,0,36,1,2
828,no,0,24.16667,1.5,0.0008,0.0,no,no,0,18,1,0
829,yes,0,24.83333,2.7,0.1720774,387.1742,no,no,1,18,1,4
830,yes,0,23.83333,2.35,0.06976553,136.0408,no,no,0,25,1,9
831,yes,0,39.91667,4.6,0.02751957,105.325,no,no,2,4,1,1
832,yes,0,31.75,10.9999,0.01070092,97.42416,no,no,0,12,1,0
833,yes,0,62.5,2.6545,0.1037453,229.4933,no,no,0,100,1,1
834,yes,1,36.33333,7.35,0.07122857,436.275,no,no,0,51,0,14
835,yes,0,23.0,3.2,0.01710906,45.12417,no,no,0,14,1,0
836,yes,0,28.33333,6.2,0.06892936,355.9683,yes,no,0,18,1,9
837,yes,1,38.0,3.27,0.2386927,650.4375,no,no,2,7,1,3
838,yes,2,49.16667,3.7,0.143523,442.4458,no,no,4,216,1,11
839,yes,0,50.91667,1.75,0.2131486,310.8417,no,no,0,36,1,1
840,no,0,23.58333,2.425,0.000494845,0.0,no,yes,2,132,1,1
841,no,1,29.0,2.7,0.000444444,0.0,no,no,1,347,0,1
842,yes,0,45.25,3.7,0.1384322,426.8325,no,no,0,24,1,2
843,yes,0,31.66667,3.2,0.01378125,36.25,no,no,1,12,1,1
844,yes,0,31.83333,3.1,0.1304741999999999,337.0583,no,no,1,52,1,3
845,no,0,37.58333,9.0,0.000133333,0.0,no,no,0,132,1,0
846,yes,3,27.58333,5.5,0.2204731,1010.502,no,yes,0,72,1,11
847,no,0,36.08333,4.1,0.000292683,0.0,yes,no,2,30,1,0
848,yes,0,38.33333,3.0,0.2273639999999999,568.2433,yes,no,0,46,1,2
849,yes,0,25.5,2.8,0.1980021,461.9217,no,no,0,66,1,3
850,yes,0,41.5,5.1,0.03296432,140.015,no,no,1,63,1,4
851,yes,0,34.58333,7.0,0.03546543,206.3817,no,yes,6,63,1,3
852,yes,0,24.5,2.3040000000000003,0.3747426,719.5059,no,no,0,76,1,2
853,yes,0,32.16667,2.3,0.2000322,383.3117,no,no,1,63,1,6
854,no,1,24.58333,1.9,0.000631579,0.0,no,no,1,14,0,4
855,yes,0,23.83333,2.3,0.1386009,265.6517,no,no,0,6,1,3
856,no,1,22.66667,1.5,0.0008,0.0,no,no,3,14,1,4
857,yes,0,26.08333,2.375,0.142851,282.7258,no,yes,1,114,1,1
858,yes,0,30.16667,2.8,0.1643857,383.5667,no,no,0,12,1,6
859,yes,0,27.08333,2.5224,0.2354364999999999,494.8875,no,no,1,100,1,3
860,yes,0,27.16667,2.2,0.007309545,12.65083,no,no,0,60,0,2
861,yes,0,32.41667,3.2,0.1192053,317.4642,no,no,0,30,1,1
862,yes,0,32.5,3.7,0.003456757,9.741667,no,no,0,86,1,8
863,yes,0,46.0,1.8,0.0335,49.41667,no,no,1,168,1,2
864,no,2,47.0,2.35,0.000510638,0.0,no,no,0,159,1,4
865,yes,0,22.75,1.82,0.5418599000000001,821.8208,no,no,0,93,1,2
866,yes,0,42.08333,5.5,0.07068036,323.9517,no,no,0,98,1,4
867,no,12,30.41667,2.6,0.000461539,0.0,no,no,0,228,1,14
868,yes,0,21.41667,2.15,0.2658507,476.3158,no,no,0,30,1,0
869,yes,0,36.66667,3.8,0.03591921,112.9942,yes,no,3,77,1,4
870,yes,0,37.16667,2.0,0.0269279999999999,44.46333,no,no,1,38,0,3
871,yes,2,26.58333,2.45,0.1217171,248.5058,no,no,0,5,1,15
872,yes,1,46.41667,3.5,0.1096431,319.7925,yes,no,1,121,0,5
873,yes,0,25.58333,2.8,0.3252597,758.9391,no,no,0,2,1,7
874,yes,1,30.33333,1.99,0.2490915,412.9933,no,no,0,82,1,8
875,no,0,27.5,2.0,0.0006,0.0,no,no,0,48,1,0
876,yes,0,21.0,2.1,0.07551762,131.9892,yes,no,0,194,1,5
877,yes,0,20.0,2.79,0.02268351,52.48917,no,no,0,86,1,5
878,yes,0,23.25,2.32,0.1166047,225.2692,no,no,0,3,1,8
879,yes,0,45.08333,4.6,0.07776695,298.0233,no,no,2,72,1,5
880,no,1,26.5,2.0,0.0006,0.0,yes,no,2,60,1,7
881,yes,0,29.75,3.0,0.06942033,173.4675,no,no,1,60,1,1
882,yes,0,52.33333,3.3280000000000003,0.02882272,79.685,yes,no,1,243,1,3
883,yes,0,41.66667,2.4752,0.06724951,138.5467,no,no,2,222,0,10
884,yes,0,22.75,4.3,0.1578128,565.3292,no,no,0,12,1,11
885,no,0,33.0,1.77,0.000677966,0.0,no,no,0,102,1,1
886,yes,1,29.83333,2.45,0.1085196,220.8942,no,no,2,84,1,13
887,yes,0,20.25,1.85,0.3426108,527.9417,yes,no,0,96,1,2
888,yes,0,26.08333,2.23,0.05652018,104.7833,no,no,0,12,1,1
889,no,0,22.5,2.5,0.00048,0.0,no,no,3,30,0,0
890,yes,3,32.83333,3.5091,0.1596184,466.3475,no,no,0,22,1,9
891,yes,0,27.33333,3.2875,0.03242008,88.8175,no,no,1,54,1,12
892,yes,0,28.5,4.232,0.1239747,437.1342,no,yes,0,30,1,5
893,no,1,36.91667,1.85,0.000648649,0.0,no,no,2,192,1,2
894,yes,0,26.0,2.2,0.06259273,114.2533,no,no,1,28,1,10
895,no,0,41.83333,3.5,0.000342857,0.0,no,no,0,54,1,0
896,yes,0,23.75,3.0,0.1172833,293.0417,no,no,0,14,1,0
897,yes,0,25.25,1.8,0.4559922999999999,683.9883,yes,no,0,98,1,2
898,yes,0,25.66667,1.7,0.08007,113.0992,no,no,1,27,1,8
899,yes,0,29.0,5.5,0.062952,288.3633,no,no,2,18,1,3
900,yes,0,40.58333,2.5685,0.05233015,111.675,no,no,0,54,1,3
901,no,2,59.0,3.5,0.000342857,0.0,no,no,0,365,0,5
902,yes,0,37.41667,2.5,0.0726416,151.3367,no,no,0,15,1,2
903,yes,0,30.83333,3.3026,0.001998425,4.5833330000000005,no,no,1,90,1,4
904,yes,0,29.83333,2.25,0.106824,199.795,no,no,0,36,1,0
905,yes,1,32.5,10.0,0.03704,308.25,yes,no,3,35,1,4
906,yes,0,25.5,2.9,0.08015586,193.2933,no,no,0,2,1,0
907,no,2,36.33333,2.95,0.00040678,0.0,no,no,1,72,1,3
908,no,0,25.33333,1.6,0.00075,0.0,no,no,0,93,1,0
909,yes,0,28.5,3.4,0.02121324,59.85417,no,no,0,207,1,4
910,no,4,22.0,2.1,0.000571429,0.0,yes,no,0,209,1,10
911,yes,0,27.58333,3.2,0.1177561999999999,313.4333,no,no,0,24,1,2
912,no,0,29.33333,3.5,0.000342857,0.0,no,no,6,0,1,2
913,yes,0,31.5,2.47,0.09478866,195.0233,no,no,3,94,1,2
914,yes,0,27.66667,2.6,0.07505192,162.4458,no,no,2,60,1,6
915,no,2,39.16667,4.0248,0.000298152,0.0,no,no,1,84,1,4
916,yes,0,22.66667,2.1,0.1797089999999999,314.4908,no,no,0,12,0,4
917,yes,0,30.08333,1.95,0.1804297999999999,292.9483,no,no,0,50,1,10
918,no,0,34.16667,3.5995,0.00033338,0.0,no,no,4,14,1,0
919,no,2,42.83333,3.7,0.000324324,0.0,no,no,4,84,0,3
920,yes,0,31.58333,3.0,0.2136177,533.6275,no,no,0,7,1,1
921,yes,0,32.33333,4.5,0.09166333,343.6542,no,no,0,48,1,4
922,no,11,24.75,2.3,0.000521739,0.0,no,no,0,24,1,12
923,yes,0,45.16667,3.5,0.13624,397.0333,yes,no,0,234,0,2
924,yes,0,25.41667,2.1,0.04128572,71.66666,yes,no,0,44,1,5
925,yes,0,40.75,5.0,0.1209914,503.5475,no,no,0,38,1,19
926,yes,0,40.16667,2.45,0.07000694,142.5142,no,no,0,180,1,0
927,yes,0,41.41667,3.5,0.003142857,8.333333,no,no,1,120,1,9
928,yes,0,24.5,2.5,0.2339912,487.4817,no,no,0,15,0,1
929,no,11,30.33333,3.6,0.000333333,0.0,no,no,0,108,1,16
930,yes,0,25.16667,2.656,0.1594194,352.8483,yes,no,0,96,1,0
931,no,0,28.33333,2.5,0.00048,0.0,no,no,0,82,1,0
932,no,0,28.41667,2.0,0.0006,0.0,no,no,0,108,1,0
933,yes,0,25.08333,3.52,0.02107955,61.16667,no,no,0,15,1,3
934,yes,1,23.25,1.8769,0.3536299,553.1067,no,no,0,12,1,3
935,yes,0,21.25,2.25,0.03186978,59.08916,no,no,0,15,1,1
936,yes,0,39.83333,1.7123,0.0930713,132.4717,no,no,0,72,1,0
937,yes,0,25.75,4.0,0.026998,89.82667,no,no,0,60,0,5
938,yes,0,25.25,2.16,0.02055556,36.33333,no,no,0,38,0,2
939,yes,2,40.41667,3.3,0.03977939,108.9767,no,no,1,58,1,14
940,yes,0,37.66667,7.0,0.01116743,64.56,yes,no,3,96,1,5
941,yes,0,25.25,2.1,0.1102229,192.64,no,no,0,4,1,8
942,yes,0,41.66667,3.0,0.05293967,131.7658,yes,no,0,166,1,7
943,yes,1,24.25,3.5,0.06996286,203.8917,no,no,0,60,1,11
944,no,0,22.91667,2.07,0.00057971,0.0,no,no,0,1,1,0
945,yes,0,19.0,2.8,0.1672142999999999,390.1667,yes,no,0,10,0,0
946,yes,0,57.08333,5.0,0.00024,0.0,yes,yes,0,144,1,7
947,yes,0,33.91667,2.1888,0.1483196,270.3683,no,no,0,15,1,7
948,no,14,48.25,2.0,0.0006,0.0,yes,no,1,120,1,15
949,yes,1,48.75,2.7,0.000444444,0.0,no,yes,0,120,1,3
950,yes,0,28.91667,2.69,0.1571033,352.1733,no,no,1,62,0,0
951,yes,1,40.83333,3.73,0.05783512,179.7708,yes,no,1,151,1,7
952,yes,0,32.83333,2.0,0.0938035,156.0892,yes,no,2,8,0,2
953,yes,0,44.33333,4.3,0.01639512,57.91583000000001,yes,no,3,156,1,9
954,yes,0,38.16667,5.5,0.04493018,205.5133,yes,no,4,99,1,9
955,yes,0,37.33333,5.92,0.03028024,149.2992,yes,no,2,48,1,7
956,yes,1,44.25,7.6,0.04906355,310.7358,yes,no,6,207,1,11
957,yes,0,18.16667,2.82,0.0418539,97.94,no,no,0,2,0,1
958,yes,0,24.58333,2.2,0.06938273,127.1183,yes,no,0,229,0,1
959,yes,0,47.5,2.6611,0.09956446,220.7925,yes,no,0,269,1,8
960,no,3,31.66667,7.5,0.00016,0.0,no,no,0,30,1,7
961,yes,0,33.08333,4.0,0.2564355,854.785,yes,no,2,42,1,4
962,yes,0,31.58333,6.5,0.1113085,602.9208,yes,no,2,12,1,6
963,yes,0,38.41667,5.6,0.0934841,436.2592,yes,no,4,114,0,7
964,no,0,19.58333,2.1,0.000571429,0.0,no,no,0,124,1,2
965,yes,0,35.33333,4.5,0.01804822,67.0975,yes,no,1,14,1,0
966,yes,0,29.25,2.51,0.04510837,94.26833,no,no,1,12,0,0
967,yes,2,46.0,10.032,0.01013447,84.39083000000001,yes,no,2,134,1,15
968,yes,0,19.91667,3.5,0.06020943,175.4442,no,no,1,24,1,3
969,yes,0,22.83333,3.5,0.04541571,132.1292,no,yes,0,8,1,3
970,yes,0,24.33333,3.9,0.09410384,305.8375,no,no,2,27,1,0
971,yes,0,18.5,2.5,0.2115316,440.6908,no,no,0,4,0,1
972,yes,0,49.16667,5.2,0.146526,634.8625,yes,no,1,303,1,11
973,no,0,47.75,1.5,0.0008,0.0,yes,no,0,60,1,0
974,yes,0,49.16667,9.9999,0.01116311,92.44167,yes,no,4,218,0,12
975,yes,0,57.58333,4.1,0.08389854,286.57,yes,no,3,121,1,15
976,yes,0,24.58333,2.2,0.06601682,121.0308,no,no,0,22,1,6
977,yes,0,26.41667,4.38,0.03736278,136.1242,yes,no,5,24,1,6
978,no,5,38.25,2.4852,0.000482858,0.0,no,no,2,24,1,10
979,yes,1,29.58333,6.6,0.09274364,510.09,yes,no,0,24,1,14
980,yes,1,30.66667,2.74,0.01856679,42.31083,yes,no,3,76,1,8
981,yes,1,58.91667,2.7,0.003222222,6.416667,yes,no,0,252,1,8
982,yes,0,38.5,3.2618,0.00294316,7.0833330000000005,no,no,4,18,1,0
983,yes,0,45.66667,5.8,0.03306483,159.73,yes,no,0,118,1,6
984,yes,0,25.83333,2.5,0.0598015999999999,124.5033,no,no,0,6,0,0
985,yes,0,30.0,3.5,0.3527866,1028.961,yes,no,0,6,0,2
986,no,0,80.16666,1.5,0.0008,0.0,no,no,0,24,1,0
987,no,0,25.58333,1.75,0.000685714,0.0,no,no,0,108,0,0
988,no,5,40.08333,4.4,0.000272727,0.0,yes,no,1,84,1,15
989,yes,0,42.08333,4.7,0.01847894,71.95917,yes,yes,3,150,1,2
990,yes,0,49.0,3.3,0.04070939,111.6175,yes,no,0,252,1,0
991,yes,0,44.0,5.8,0.07990742,386.0525,yes,no,4,25,1,16
992,no,1,43.16667,5.32,0.000225564,0.0,yes,no,5,110,1,7
993,yes,0,25.0,2.4,0.0315875,62.50833000000001,no,no,0,192,1,9
994,yes,0,43.83333,3.25,0.05890216,159.36,yes,no,2,109,1,6
995,yes,0,24.5,3.06,0.1705402,434.8775,no,no,0,3,1,0
996,yes,0,39.5,3.0,0.016231,40.3275,yes,no,3,14,1,9
997,yes,0,25.66667,2.2,0.02147727,38.70833,yes,no,1,26,1,7
998,yes,0,43.66667,3.0,0.02302267,57.30667,yes,no,1,3,1,5
999,yes,0,46.33333,4.2,0.008841666,30.44583,yes,no,1,216,1,27
1000,yes,0,34.16667,2.37,0.05412025,106.7208,yes,no,0,38,1,13
1001,yes,1,38.83333,2.52,0.08646706,181.4142,yes,no,0,138,1,8
1002,yes,1,37.08333,5.49,0.160214,732.9792,yes,no,1,60,1,19
1003,yes,0,19.5,2.98,0.000402685,0.0,no,no,0,18,1,0
1004,no,0,27.41667,3.6,0.000333333,0.0,no,no,0,18,1,2
1005,yes,0,39.91667,2.25,0.05117067,95.52834,yes,no,0,240,1,7
1006,yes,0,45.66667,3.224,0.333848,896.9384,yes,no,5,168,0,9
1007,yes,0,52.16667,5.0,0.0204977999999999,85.24083,yes,no,1,201,0,16
1008,no,3,34.75,2.67,0.000449438,0.0,no,no,0,51,1,25
1009,yes,0,30.08333,3.75,0.09561973,298.4783,yes,no,1,12,1,9
1010,yes,0,61.58333,3.75,0.00032,0.0,yes,no,0,288,1,5
1011,yes,0,32.66667,3.7,0.004068919,11.7125,yes,no,2,30,1,15
1012,yes,0,38.83333,3.3,0.02411576,65.81834,yes,no,3,188,1,19
1013,yes,0,37.08333,7.0,0.1540158999999999,898.4258,yes,no,3,24,1,8
1014,yes,2,33.5,3.3748,0.1758282,494.4875,no,no,1,66,1,15
1015,no,0,30.08333,3.12,0.000384615,0.0,no,no,2,12,0,5
1016,yes,0,42.66667,2.59,0.03148378,67.53584000000001,yes,yes,3,96,1,5
1017,yes,2,29.41667,2.1,0.07229714,126.1033,yes,no,3,90,0,5
1018,yes,0,52.66667,3.0,0.039573,98.6825,yes,no,1,220,1,8
1019,yes,0,29.83333,3.0,0.1059863,264.9658,yes,no,1,51,0,11
1020,yes,0,45.75,4.4,0.004863637,17.08333,yes,no,3,12,1,18
1021,yes,0,30.16667,3.1,0.1816442,469.2475,yes,no,2,40,1,15
1022,yes,0,30.83333,2.98,0.04374329,108.2958,no,no,3,36,1,9
1023,yes,0,22.25,2.8,0.2532993,590.9484,yes,no,1,6,1,7
1024,no,0,37.16667,1.8339,0.000654343,0.0,no,no,2,52,1,0
1025,yes,0,22.0,3.2905,0.01756572,48.08333,no,no,2,21,1,5
1026,yes,0,29.0,2.7,0.000444444,0.0,no,no,0,24,1,20
1027,yes,0,28.33333,3.9,0.04364769,141.6883,yes,no,1,49,1,17
1028,no,5,27.16667,1.8,0.000666667,0.0,no,no,2,34,1,7
1029,yes,0,31.33333,3.2,0.04113469,109.6092,no,no,2,17,1,0
1030,yes,0,32.66667,3.65,0.5383649,1637.527,yes,no,1,32,1,7
1031,yes,0,30.58333,3.5,0.03930543,114.5575,no,no,5,57,1,9
1032,yes,0,40.66667,4.77,0.003146122,11.6725,yes,no,0,144,1,10
1033,yes,0,39.08333,4.2,0.006554524,22.3575,yes,no,0,24,1,5
1034,no,10,43.25,5.0,0.00024,0.0,yes,yes,4,144,1,11
1035,yes,0,24.75,2.0,0.0549975,91.4125,yes,yes,1,24,0,10
1036,yes,0,26.5,2.6,0.1106476999999999,239.4867,yes,no,0,12,1,13
1037,yes,0,61.16667,5.0,0.0457034,190.4308,yes,no,2,6,0,0
1038,yes,0,44.08333,4.0,0.02011975,66.7325,yes,yes,2,120,1,12
1039,yes,0,61.08333,5.3726,0.04957879,221.8892,yes,yes,0,12,1,0
1040,yes,0,40.66667,2.7246,0.1966153,446.415,no,no,2,36,1,14
1041,yes,0,20.83333,1.8,0.5535178000000001,830.2767,no,no,0,5,0,0
1042,yes,0,45.91667,4.0,0.03421425,113.6308,yes,no,2,24,0,16
1043,yes,0,26.83333,2.1,0.000571429,0.0,no,no,2,30,1,18
1044,no,0,33.58333,2.55,0.000470588,0.0,no,no,3,36,1,0
1045,yes,0,30.66667,2.5,0.0611788,127.3725,yes,no,1,24,1,23
1046,yes,0,23.91667,2.0,0.100191,166.9017,no,no,0,9,1,0
1047,yes,0,34.83333,3.0,0.126377,315.9425,no,no,6,12,0,16
1048,yes,0,38.58333,2.6,0.07939731,171.8608,yes,no,0,51,1,9
1049,yes,1,35.83333,2.4,0.02359458,46.60583,no,yes,1,37,1,13
1050,yes,0,36.0,4.0,0.0920405,306.4683,yes,no,0,12,1,11
1051,yes,0,42.66667,6.2,0.006145161,31.0,yes,no,2,132,1,14
1052,yes,0,22.58333,2.2,0.07661773,140.2992,no,no,0,9,1,3
1053,no,1,28.5,2.0,0.0006,0.0,no,no,3,0,1,2
1054,yes,1,44.91667,5.8,0.03635741,175.6442,yes,no,2,148,1,16
1055,yes,0,30.58333,1.8,0.01989944,29.51583,no,no,0,6,1,10
1056,yes,0,27.25,3.264,0.02482904,67.20167,no,no,0,16,1,5
1057,yes,0,24.0,2.1,0.0836781,146.27,yes,no,0,24,1,14
1058,yes,0,23.41667,2.7456,0.002403846,4.5833330000000005,no,no,0,7,1,9
1059,yes,1,55.33333,3.7,0.05220054,160.4517,yes,no,1,300,1,4
1060,yes,0,35.16667,4.815,0.04295223,171.5125,yes,no,2,48,1,18
1061,yes,0,46.33333,3.3569133333333303,0.003491803,8.125,yes,no,0,96,0,4
1062,yes,0,39.41667,3.3569133333333303,0.1922946,384.1725,no,no,1,96,1,7
1063,yes,0,34.91667,3.3569133333333303,0.4258454,1774.356,yes,no,3,36,1,7
1064,yes,0,19.08333,3.3569133333333303,0.1316562,285.255,no,no,0,87,1,2
1065,yes,0,27.58333,3.3569133333333303,0.01495,49.25,yes,yes,3,40,1,13
1066,yes,0,46.25,3.3569133333333303,0.007138088,40.19917,yes,yes,0,48,1,2
1067,yes,0,47.16667,3.3569133333333303,0.01680412,26.5,no,no,0,10,0,13
1068,yes,0,25.41667,3.3569133333333303,0.09007061,183.5608,no,no,0,48,1,6
1069,yes,0,51.33333,3.3569133333333303,0.0121468,45.35417,yes,no,4,126,0,5
1070,yes,0,41.0,3.3569133333333303,0.1168531999999999,664.6025,no,no,2,12,1,0
1071,yes,1,36.33333,3.3569133333333303,0.01171896,37.015,no,no,1,36,1,8
1072,yes,0,32.41667,3.3569133333333303,0.3767844,862.9642,yes,no,2,27,1,9
1073,no,3,41.75,3.3569133333333303,0.000342857,0.0,yes,no,2,38,1,19
1074,no,3,32.75,3.3569133333333303,0.0004,0.0,yes,no,3,32,1,7
1075,yes,0,21.91667,3.3569133333333303,0.07491956,143.4292,yes,no,2,24,1,10
1076,yes,0,29.25,3.3569133333333303,0.08336612,124.6325,no,no,0,51,1,3
1077,yes,0,21.08333,3.3569133333333303,0.3152637,577.9833,no,no,0,143,1,6
1078,yes,0,34.66667,3.3569133333333303,0.06658583,266.3433,yes,no,3,15,1,0
1079,yes,0,27.91667,3.3569133333333303,0.01792304,30.0525,yes,no,2,38,1,4
1080,yes,1,36.5,3.3569133333333303,0.138147,193.3225,yes,no,0,44,1,12
1081,yes,0,24.0,3.3569133333333303,0.05255475,121.6333,no,no,0,3,1,0
1082,yes,0,63.75,3.3569133333333303,0.001833333,8.333333,no,no,0,50,1,14
1083,yes,0,25.83333,3.3569133333333303,0.054492,158.6017,no,no,0,34,0,2
1084,no,4,42.41667,3.3569133333333303,0.000666667,0.0,no,no,2,48,1,10
1085,yes,0,35.0,3.3569133333333303,0.05496077,178.4558,yes,no,2,36,1,7
1086,yes,0,20.66667,3.3569133333333303,0.100224,167.04,no,no,0,14,1,1
1087,yes,2,41.83333,3.3569133333333303,0.09599761,569.5458,yes,no,3,96,1,6
1088,no,2,24.91667,3.3569133333333303,0.000648649,0.0,no,no,0,14,0,3
1089,yes,0,32.08333,3.3569133333333303,0.263585,351.3633,no,no,0,6,1,3
1090,yes,0,34.08333,3.3569133333333303,0.04899547,198.0233,yes,no,2,114,1,12
1091,yes,0,37.16667,3.3569133333333303,0.06534584,153.7517,yes,no,0,240,1,2
1092,no,1,27.08333,3.3569133333333303,0.000444444,0.0,no,no,1,169,0,6
1093,no,0,56.0,3.3569133333333303,0.000827586,0.0,yes,no,0,242,1,4
1094,yes,0,26.75,3.3569133333333303,0.006611111,9.166667,yes,no,0,53,1,9
1095,no,0,33.25,3.3569133333333303,0.000324324,0.0,yes,no,2,72,1,0
1096,yes,0,19.16667,3.3569133333333303,0.2829620999999999,448.0233,no,no,0,192,0,1
1097,yes,0,35.91667,3.3569133333333303,0.2154031,470.2967,yes,no,1,6,0,9
1098,yes,0,25.16667,3.3569133333333303,0.128076,400.0708,yes,no,0,7,1,11
1099,yes,0,45.75,3.3569133333333303,0.03987022,149.0967,yes,no,2,132,1,9
1100,no,4,38.5,3.3569133333333303,0.000324324,0.0,no,no,2,24,1,11
1101,yes,1,42.0,3.3569133333333303,0.103933,332.2392,yes,no,3,14,1,14
1102,no,0,25.83333,3.3569133333333303,0.000754717,0.0,no,no,0,87,1,9
1103,no,2,25.91667,3.3569133333333303,0.00057971,0.0,no,no,0,20,0,7
1104,yes,0,31.08333,3.3569133333333303,0.1696612,721.06,yes,no,3,15,1,9
1105,no,3,40.5,3.3569133333333303,0.000299043,0.0,no,no,1,12,1,17
1106,yes,0,67.16666,3.3569133333333303,0.002148035,7.0833330000000005,no,no,1,36,1,1
1107,yes,0,33.08333,3.3569133333333303,0.05705314,166.2383,no,no,0,26,1,1
1108,yes,0,45.75,3.3569133333333303,0.001525,5.5208330000000005,yes,no,0,144,1,14
1109,yes,1,28.16667,3.3569133333333303,0.0032,5.8333330000000005,no,no,1,24,1,6
1110,yes,0,30.41667,3.3569133333333303,0.06344134,78.885,no,no,1,24,0,5
1111,yes,1,47.0,3.3569133333333303,0.006584255,20.25,yes,no,2,233,1,16
1112,yes,1,42.75,3.3569133333333303,0.03806583,113.9475,yes,no,2,60,1,22
1113,yes,0,44.5,3.3569133333333303,0.2008407,493.7333,no,no,0,180,1,13
1114,yes,0,37.66667,3.3569133333333303,0.1676499,332.7042,yes,yes,0,168,1,13
1115,yes,0,28.0,3.3569133333333303,0.02366667,42.51667,no,no,0,50,0,3
1116,yes,0,31.75,3.3569133333333303,0.09045292,151.0325,no,no,1,4,1,0
1117,yes,0,22.91667,3.3569133333333303,0.09851731,128.0725,yes,no,0,6,0,7
1118,no,4,57.75,3.3569133333333303,0.0006,0.0,yes,yes,0,36,0,44
1119,yes,0,23.0,3.3569133333333303,0.000413793,0.0,no,no,1,12,1,0
1120,yes,0,24.16667,3.3569133333333303,0.07111514,219.2717,yes,no,1,8,1,5
1121,yes,0,37.16667,3.3569133333333303,0.0118375,37.71333,no,no,3,10,1,0
1122,no,1,63.41667,3.3569133333333303,0.000561404,0.0,yes,no,0,240,1,7
1123,no,0,23.0,3.3569133333333303,0.0005,0.0,no,no,0,1,1,0
1124,yes,0,24.33333,3.3569133333333303,0.1813192,362.6383,no,no,0,16,1,0
1125,yes,0,41.08333,2.0,0.0055,8.333333,yes,no,0,9,0,4
1126,no,0,28.16667,1.548,0.000775194,0.0,no,no,3,5,0,1
1127,no,1,52.33333,2.0,0.0006,0.0,yes,no,3,54,1,7
1128,yes,0,28.0,3.1,0.2248926,580.9725,yes,no,0,15,1,5
1129,yes,0,28.75,2.5,0.01238,25.29167,yes,no,0,27,1,16
1130,yes,0,39.08333,5.1,0.04952431,210.2283,yes,no,3,60,0,22
1131,yes,0,32.25,2.0,0.073052,121.3367,yes,no,1,24,1,2
1132,yes,0,33.25,3.6,0.02599111,77.80666,no,no,3,16,1,9
1133,yes,0,25.0,3.3984,0.000353107,0.0,yes,no,2,29,0,4
1134,yes,0,42.41667,4.2,0.02501619,87.30666,yes,no,4,36,1,14
1135,no,3,35.25,1.7,0.000705882,0.0,yes,no,3,135,0,25
1136,no,0,33.08333,1.939,0.000618876,0.0,no,no,1,96,1,5
1137,yes,0,33.83333,2.9,0.1951082999999999,471.345,yes,no,2,147,1,8
1138,yes,0,48.16667,1.7,0.01221235,16.63417,yes,no,0,108,1,18
1139,no,0,26.75,4.9,0.000244898,0.0,no,no,2,6,1,0
1140,yes,0,40.08333,2.2224,0.3980818,737.0808,yes,no,2,10,1,14
1141,yes,0,32.41667,6.1064,0.1070066,544.5208,yes,no,1,67,1,1
1142,no,1,20.91667,2.625,0.000457143,0.0,no,yes,0,20,1,2
1143,no,2,21.5,1.56,0.000769231,0.0,yes,no,0,1,1,12
1144,yes,0,27.83333,2.652,0.07283182,160.875,yes,no,3,24,1,3
1145,yes,0,43.91667,2.8,0.04662429,108.6233,yes,no,0,147,1,1
1146,yes,0,24.25,1.6,0.3755244,500.6158,yes,no,0,48,0,1
1147,yes,0,29.08333,5.0,0.1619782,674.9092,yes,no,4,3,1,0
1148,yes,1,27.75,2.04,0.2145995,364.8192,no,no,0,24,1,10
1149,yes,0,47.58333,5.04,0.05146786,216.165,no,no,3,47,1,9
1150,no,0,19.83333,1.92,0.000625,0.0,no,no,0,6,0,4
1151,no,0,42.0,3.4,0.000352941,0.0,yes,no,3,5,1,9
1152,yes,0,42.75,3.2,0.1080344,287.7583,yes,no,0,68,1,9
1153,yes,0,44.58333,3.1,0.1251213,323.0633,yes,no,0,75,1,5
1154,yes,0,35.83333,1.8829,0.1364475,214.0975,no,no,1,3,1,12
1155,yes,0,21.83333,2.4,0.08191958,163.8392,no,no,0,105,0,1
1156,yes,0,25.91667,3.0,0.061896,154.74,yes,no,0,40,1,16
1157,no,0,40.91667,1.84,0.000652174,0.0,no,yes,2,18,1,0
1158,yes,0,35.83333,2.5,0.0791488,164.81,yes,no,1,42,0,11
1159,yes,0,31.0,5.112,0.02974648,126.3867,yes,no,2,16,1,19
1160,yes,0,51.66667,2.5,0.0193976,39.91167,yes,no,0,138,0,3
1161,yes,0,34.0,5.4,0.07138018,321.2108,yes,no,3,24,1,4
1162,no,2,30.58333,2.5,0.00048,0.0,no,no,0,12,1,18
1163,yes,0,33.33333,2.1,0.1308376,228.9658,no,no,0,6,0,0
1164,yes,1,32.75,6.0,0.08980783,449.0392,no,no,0,6,0,17
1165,yes,0,26.08333,1.56,0.06123782,79.60916999999999,no,no,2,13,1,13
1166,yes,0,31.91667,4.07,0.06885749,233.0417,no,no,0,12,1,14
1167,yes,1,20.58333,2.7,0.118307,266.1908,no,no,0,147,1,22
1168,yes,0,23.41667,2.04,0.1200515,204.0875,yes,no,0,7,1,12
1169,yes,0,60.25,2.8,0.04372321,101.8542,yes,no,3,232,1,7
1170,yes,0,24.83333,6.2,0.1706156,881.2642,no,no,0,12,1,7
1171,yes,0,30.16667,2.19,0.4874438,889.585,no,no,0,6,1,0
1172,yes,0,29.33333,3.2,0.05367281,142.8775,no,no,0,36,0,6
1173,yes,0,48.16667,2.3,0.2265,434.125,yes,no,0,72,0,2
1174,yes,0,25.25,1.76,0.1375511,201.6583,no,no,0,28,1,12
1175,no,0,69.75,1.8,0.000666667,0.0,yes,no,0,528,0,5
1176,yes,0,53.25,3.96,0.002424242,7.0833330000000005,yes,no,1,180,0,5
1177,yes,0,54.08333,2.5,0.009122,18.25417,yes,no,1,102,0,13
1178,yes,0,32.0,2.28,0.06735965,127.9833,yes,no,0,48,0,15
1179,yes,0,33.75,2.5,0.0775176,161.1617,yes,no,1,30,1,6
1180,yes,0,23.16667,2.6,0.8245508,1786.277,no,no,0,4,1,0
1181,yes,0,24.75,2.2,0.1550486,284.2558,yes,no,0,36,1,6
1182,yes,4,40.41667,2.448,0.2090833,426.4467,yes,no,1,41,1,12
1183,no,2,48.25,6.8,0.000176471,0.0,yes,yes,1,56,0,20
1184,no,0,35.83333,4.5,0.000266667,0.0,yes,no,6,6,0,0
1185,yes,0,49.66667,4.96,0.1054817,435.9908,yes,no,4,168,1,7
1186,yes,0,34.66667,5.0,0.0140793999999999,58.080830000000006,yes,no,4,6,1,0
1187,yes,0,34.91667,2.1,0.05904476,103.3283,no,no,2,49,1,4
1188,yes,0,47.33333,10.4,0.2309477,2001.547,yes,no,2,9,0,0
1189,no,0,19.5,1.56,0.000769231,0.0,yes,no,0,46,0,3
1190,no,9,30.33333,2.3,0.000521739,0.0,no,yes,3,15,1,9
1191,no,0,40.0,4.9875,0.000240602,0.0,yes,no,2,32,1,16
1192,no,6,35.25,5.6335,0.000213011,0.0,yes,no,3,18,0,10
1193,no,0,23.75,1.672,0.000717703,0.0,no,no,0,27,1,0
1194,yes,0,0.75,1.6,0.1541905999999999,205.2542,no,no,0,1,1,9
1195,yes,0,24.83333,1.51,0.205298,258.1667,yes,no,0,30,1,2
1196,yes,0,38.75,2.8463,0.007026666,15.833329999999998,yes,no,1,120,1,16
1197,yes,0,24.91667,2.3,0.08519435,163.0392,no,no,0,26,1,7
1198,yes,0,25.33333,3.0,0.1900073,475.0183,no,no,0,10,0,0
1199,yes,1,23.25,2.2,0.2345391,429.905,yes,no,0,228,0,9
1200,yes,0,49.83333,0.21,0.2718571,47.24166,yes,no,2,42,1,1
1201,yes,0,37.08333,2.8,0.1699286,396.5,no,no,0,36,1,23
1202,no,0,20.16667,1.8,0.000666667,0.0,no,no,0,4,0,1
1203,no,2,24.58333,2.2,0.000545455,0.0,no,no,0,6,1,8
1204,yes,1,28.5,3.0,0.029469,73.1725,no,no,0,51,1,5
1205,yes,0,45.58333,2.4,0.01216667,23.58333,yes,no,2,122,1,11
1206,no,0,20.58333,1.2,0.001,0.0,no,yes,1,24,1,0
1207,yes,0,54.25,6.8,0.1005738,569.9183,no,no,0,24,1,15
1208,yes,0,24.58333,1.5,0.01972267,24.07,no,no,0,28,1,5
1209,yes,0,31.91667,2.7,0.1151311,258.8783,no,no,0,19,1,0
1210,yes,1,43.75,3.5,0.1329033999999999,387.2183,yes,no,3,180,0,19
1211,no,0,31.91667,2.1,0.000571429,0.0,no,no,2,60,1,2
1212,yes,0,22.83333,2.5,0.4028644,839.3008,no,no,0,4,1,1
1213,yes,0,28.08333,5.47,0.02919232,133.0683,yes,no,3,18,1,0
1214,no,0,27.58333,2.35,0.000510638,0.0,no,no,3,6,1,0
1215,yes,0,22.08333,1.65,0.04985151,68.54583000000001,no,no,0,36,1,3
1216,yes,0,34.16667,9.2,0.08662446,664.1208,yes,no,5,81,1,7
1217,yes,1,54.66667,7.29,0.1065361,647.2067,yes,no,2,78,1,9
1218,yes,0,32.91667,2.72,0.1776717,402.7225,no,no,1,6,1,8
1219,yes,0,40.0,3.624,0.01570033,47.08167,yes,no,3,124,1,19
1220,yes,0,26.0,5.3,0.05482528,242.145,yes,no,1,24,1,20
1221,yes,0,55.25,4.9,0.06697714,273.49,yes,no,2,96,1,17
1222,yes,0,32.25,3.6208,0.04983705,150.2917,yes,no,3,97,1,13
1223,yes,0,38.91667,2.136,0.05966339,106.2008,no,no,1,66,1,14
1224,yes,0,28.41667,2.5,0.193378,402.7875,yes,no,0,18,1,7
1225,no,0,39.58333,0.49,0.00244898,0.0,yes,no,2,100,1,0
1226,yes,1,55.58333,4.3,0.03501814,125.4817,yes,no,0,6,1,31
1227,yes,0,42.0,6.3,0.04065079,213.0,yes,no,4,72,1,20
1228,yes,0,21.16667,2.4,0.1008328999999999,201.5825,no,no,0,2,1,5
1229,yes,0,33.08333,2.8,0.03015786,70.285,yes,no,1,72,1,20
1230,yes,0,37.75,5.0,0.0452946,188.7275,yes,no,4,36,1,25
1231,yes,0,28.41667,2.8,0.01421429,32.66667,no,no,0,27,1,19
1232,yes,0,31.08333,2.8,0.08684428,202.47,yes,no,3,15,1,17
1233,yes,0,30.5,2.65,0.03147661,69.4275,no,no,3,36,1,9
1234,no,0,25.25,1.6,0.00075,0.0,no,no,0,12,1,0
1235,no,4,46.91667,2.1,0.000571429,0.0,no,no,0,25,0,3
1236,no,0,36.16667,2.408,0.000498339,0.0,no,no,4,14,1,0
1237,no,1,52.75,3.1,0.000387097,0.0,yes,no,2,75,1,9
1238,yes,0,34.16667,2.616,0.03886773,84.73167,no,no,2,3,1,12
1239,no,0,53.0,11.0,0.000109091,0.0,yes,yes,0,429,1,0
1240,yes,0,22.33333,1.8,0.05342556,80.055,no,no,0,48,0,1
1241,yes,0,30.0,2.5,0.0210495999999999,43.43667,yes,no,3,50,1,14
1242,yes,0,25.16667,1.8,0.09530056,142.9508,no,no,0,24,0,4
1243,no,0,21.08333,2.7268,0.000440076,0.0,no,no,1,18,1,0
1244,no,0,22.91667,2.05,0.000585366,0.0,no,no,0,42,0,4
1245,yes,0,40.66667,5.05,0.02842812,119.3017,yes,no,0,128,1,10
1246,no,2,33.83333,3.8,0.00031579,0.0,yes,no,0,153,1,11
1247,no,1,35.16667,4.288,0.000279851,0.0,yes,no,3,24,0,13
1248,yes,0,28.83333,3.6,0.04339778,130.0267,yes,yes,0,56,1,10
1249,yes,0,30.75,4.3,0.1346951,482.6575,yes,no,4,16,1,7
1250,no,0,41.33333,4.44,0.00027027,0.0,yes,no,2,98,1,3
1251,yes,0,38.5,2.6,0.3961604,858.3475,no,no,0,33,1,16
1252,no,1,33.75,4.1,0.000292683,0.0,yes,no,2,22,1,15
1253,no,0,29.08333,2.86,0.00041958,0.0,no,no,0,38,1,0
1254,yes,0,27.08333,2.4,0.01679833,33.01333,no,no,0,56,1,1
1255,yes,0,23.25,1.8,0.03098167,46.05584,no,no,1,4,0,0
1256,yes,0,33.83333,1.8,0.1132511,169.8767,no,no,0,4,1,8
1257,yes,0,38.16667,5.1,0.02130902,90.06333000000001,no,no,0,60,1,7
1258,yes,0,35.58333,3.5606,0.1090841,323.5875,no,no,0,12,1,0
1259,yes,0,30.41667,4.15,0.1505325,520.3417,no,no,1,16,1,4
1260,no,0,31.58333,2.0237,0.000592973,0.0,no,no,0,14,1,3
1261,yes,0,23.0,1.8,0.111475,167.2125,no,no,0,6,1,0
1262,yes,1,25.25,2.9,0.08686655,209.8442,no,no,0,276,1,6
1263,no,6,35.58333,4.0,0.0003,0.0,no,no,0,29,0,5
1264,yes,0,28.66667,2.95,0.09361254,229.7975,no,no,0,26,1,4
1265,no,0,37.0,3.2,0.000375,0.0,no,no,0,14,1,0
1266,yes,0,41.08333,4.5,0.1431333,536.25,yes,no,2,6,1,10
1267,no,6,37.41667,7.0,0.000171429,0.0,yes,no,4,120,1,10
1268,no,0,19.41667,2.2,0.000545455,0.0,no,no,0,6,1,0
1269,yes,0,22.33333,2.8,0.08228679,191.8358,no,no,0,4,1,0
1270,yes,0,29.08333,2.2,0.000545455,0.0,no,no,0,9,1,0
1271,yes,0,26.75,5.77,0.07547747,362.7542,yes,no,1,13,1,11
1272,yes,0,43.08333,2.4317,0.08052638,163.18,no,no,2,18,1,28
1273,yes,0,37.33333,7.0,0.03023229,176.2717,yes,no,2,14,1,17
1274,yes,0,26.75,2.15,0.03427907,61.33333,no,no,0,10,0,4
1275,yes,0,42.16667,5.2,0.01342865,57.440830000000005,yes,no,3,29,1,9
1276,yes,0,28.16667,4.7,0.2421564,948.3625,yes,no,0,6,1,19
1277,yes,0,26.08333,2.5,0.0637624,132.5883,yes,no,0,14,1,13
1278,yes,0,48.25,5.0,0.0219424,91.17667,no,no,3,7,1,0
1279,yes,0,27.83333,3.5,0.05023229,146.4275,yes,no,2,17,1,11
1280,yes,0,26.33333,2.45,0.05493143,111.8183,no,no,0,6,1,11
1281,no,0,21.08333,9.9999,0.000120001,0.0,no,no,2,8,0,0
1282,yes,0,30.58333,3.2,0.1486019,396.2717,yes,no,2,12,0,7
1283,yes,0,27.83333,3.54,0.006866666,19.59,no,no,2,3,1,0
1284,yes,0,49.16667,3.1144,0.008495376,21.465,yes,no,1,154,0,6
1285,no,2,35.0,2.25,0.000533333,0.0,no,no,1,84,1,3
1286,yes,1,48.66667,6.0,0.1770172,885.0858,yes,no,3,114,1,19
1287,no,11,24.58333,1.68,0.000714286,0.0,no,no,2,2,1,8
1288,yes,0,29.58333,2.4,0.0152699999999999,29.956670000000003,no,no,1,18,1,8
1289,yes,0,41.41667,3.2,0.01023563,26.87833,no,no,1,16,1,2
1290,yes,0,40.91667,6.0,0.07896433,394.5717,yes,no,0,42,1,5
1291,yes,0,22.0,1.75,0.6214691,906.3092,no,no,0,2,1,0
1292,no,0,36.0,4.5,0.000266667,0.0,yes,no,2,228,1,0
1293,yes,0,39.58333,2.5,0.1922148,400.4475,no,no,0,12,1,4
1294,yes,0,31.58333,2.55,0.1429055,303.6742,no,no,1,60,1,7
1295,yes,0,33.08333,3.26,0.05273589,143.0158,no,no,0,37,1,18
1296,yes,1,22.83333,3.6,0.04884167,146.4417,no,no,0,30,1,20
1297,no,0,35.41667,2.78,0.000431655,0.0,no,no,0,6,1,0
1298,yes,0,58.08333,4.4,0.02659568,97.18417,yes,yes,1,132,1,12
1299,yes,0,38.75,3.2,0.01478031,38.9975,yes,no,2,24,1,19
1300,no,0,27.41667,1.6,0.00075,0.0,yes,no,1,30,0,0
1301,no,0,23.91667,1.636,0.000733496,0.0,no,no,1,13,1,0
1302,yes,0,30.08333,2.7,0.01248148,27.41667,no,no,2,1,1,8
1303,yes,0,34.08333,3.5,0.06167429,179.7167,yes,no,0,24,0,10
1304,yes,1,39.08333,3.4224,0.02909975,82.65916,yes,no,0,41,1,12
1305,yes,0,38.41667,6.5,0.02921738,157.8442,yes,no,3,60,1,9
1306,yes,0,20.5,2.0,0.038431,63.55167,no,no,0,111,1,6
1307,yes,0,35.58333,3.58,0.0519919,154.8592,yes,no,2,123,1,7
1308,yes,0,25.91667,2.5,0.02125,44.02083,no,no,0,25,1,10
1309,yes,1,40.16667,2.0,0.2548275,424.6292,yes,no,1,121,1,10
1310,yes,0,30.58333,2.512,0.002627389,4.5833330000000005,no,yes,3,36,0,4
1311,no,0,39.33333,2.3004,0.000521648,0.0,no,yes,0,46,1,3
1312,no,0,22.58333,3.86,0.000310881,0.0,no,no,1,36,0,4
1313,no,1,30.33333,2.18,0.000550459,0.0,no,yes,0,13,1,1
1314,yes,0,33.58333,4.566,0.002146299,7.333333,yes,no,0,94,1,19
1315,no,5,23.91667,3.192,0.00037594,0.0,no,no,3,12,1,5
1316,yes,0,40.58333,4.6,0.02651261,101.2983,yes,no,2,1,1,2
1317,yes,0,32.83333,3.7,0.008998919,26.99667,no,yes,0,60,1,7
1318,yes,0,48.25,3.7,0.1116186,344.1575,yes,no,2,2,1,0
